Crime ID,Month,Reported by,Falls within,Longitude,Latitude,Location,LSOA code,LSOA name,Outcome type
03d53f5159c103416a80bcb287fad1571a5e2a20d7fbe165a1b2d3c0554e1dde,2020-04,City of London Police,City of London Police,,,No location,,,Local resolution
471352b855769745ca08f40cbd2b3d3d1432599316890e94dd04fbac05b0e5e4,2020-04,City of London Police,City of London Police,,,No location,,,Formal action is not in the public interest
6d8f2b3dd901a11fd9eb36f5c181871dcaa8193b15552a800e662751df4a3256,2020-04,City of London Police,City of London Police,,,No location,,,Investigation complete; no suspect identified
ca768757a605358b737489eee61bda92d44efce77a82ab22852fb7b42397f150,2020-04,City of London Police,City of London Police,-0.100884,51.516966,On or near Hospital,E01032740,City of London 001G,Investigation complete; no suspect identified
6ff8e9398bd56fd256ea121785a1ba5c128aa85b01b269c825b5efad30cc6625,2020-04,City of London Police,City of London Police,-0.079674,51.514409,On or near BURY STREET,E01032739,City of London 001F,Investigation complete; no suspect identified
efc66836b6d3ca7d6517b57a6b4b8472b42c4b549cfe294558763584d515e405,2020-04,City of London Police,City of London Police,-0.096814,51.512952,On or near ST PAUL'S CHURCH YARD,E01032739,City of London 001F,Investigation complete; no suspect identified
369772779a7552a0b790c8fcc49c9a7b99b1ac7ea9dd3e2c18c96d270b46edcc,2020-04,City of London Police,City of London Police,-0.077596,51.515849,On or near ARTIZAN STREET,E01000005,City of London 001E,Investigation complete; no suspect identified
899b23adea11afa60c543db4d4c5cf2fafc93bb0a73c9637453c6f1438c2c5dc,2020-04,City of London Police,City of London Police,-0.091720,51.513454,On or near Supermarket,E01032739,City of London 001F,Unable to prosecute suspect
280bf7f52a4ad81a5b067ca6908397d5b92f1fe3e013d16a3735cc2c46ca3145,2020-04,City of London Police,City of London Police,-0.100884,51.516966,On or near Hospital,E01032740,City of London 001G,Investigation complete; no suspect identified
504079b23b7b1cc3211e796c1d66784e2eaffaa0aac5845bfc4fb0e6ab472ea7,2020-04,City of London Police,City of London Police,-0.108231,51.513928,On or near PLEYDELL STREET,E01032740,City of London 001G,Unable to prosecute suspect
04c392bc845141ce0395a7c743c5e88d198568fe97777ec06ed490df4113835b,2020-04,City of London Police,City of London Police,-0.080376,51.517244,On or near Supermarket,E01032739,City of London 001F,Unable to prosecute suspect
6eb4918a552b67842349a3bbadc2a664c312e7de4aff28518638300f0fd9ab98,2020-04,City of London Police,City of London Police,-0.078856,51.518433,On or near ARTILLERY LANE,E01032739,City of London 001F,Investigation complete; no suspect identified
99efc001b1dd83294688f5d11af28a38116d392015148d9d4f30589a23f7ee56,2020-04,City of London Police,City of London Police,-0.100179,51.514158,On or near Shopping Area,E01032739,City of London 001F,Investigation complete; no suspect identified
b69f1ac9f1d5c47da2a03895967d2a6e1fc740c7c143daecfbc59a7acbe6f614,2020-04,City of London Police,City of London Police,-0.087118,51.513199,On or near Nightclub,E01032739,City of London 001F,Unable to prosecute suspect
518873e9f4fa988e20164222e45194ccf93b914b7fb592a3f49d7a645e600259,2020-04,City of London Police,City of London Police,-0.091720,51.513454,On or near Supermarket,E01032739,City of London 001F,Investigation complete; no suspect identified
261f7d0f9a2bfa64131965eabff86292e671bfb907b482d16a28f8e1e652ddc8,2020-04,City of London Police,City of London Police,-0.084701,51.509320,On or near LOWER THAMES STREET,E01032739,City of London 001F,Investigation complete; no suspect identified
0c8136e75656259e8d03e6a0726f200afdaf88ec11b7880176652de1cb266f66,2020-04,City of London Police,City of London Police,,,No location,,,Action to be taken by another organisation
696215b593e4c3636897f2d9c72f6db0657940b362e4f405ead95f801cb57bae,2020-04,City of London Police,City of London Police,-0.081620,51.516814,On or near ALDERMAN'S WALK,E01032739,City of London 001F,Investigation complete; no suspect identified
2b87a01521c135125d978f772d690bccaee8dee4687b038cf1d28d742963b673,2020-04,City of London Police,City of London Police,-0.091084,51.513830,On or near OLD JEWRY,E01032739,City of London 001F,Investigation complete; no suspect identified
f2bb998c1f31a8c51e7ebe181fc79d48b522033c36fcb2fae5a6558bd7d6ed26,2020-04,City of London Police,City of London Police,-0.082913,51.513463,On or near LEADENHALL STREET,E01032739,City of London 001F,Investigation complete; no suspect identified
a444e3dbb3e6223a24b652752159eb7c051dc6741580ba39d5f4093674078140,2020-04,City of London Police,City of London Police,-0.096511,51.511922,On or near QUEEN VICTORIA STREET,E01032739,City of London 001F,Investigation complete; no suspect identified
80a0220e6a2f0f257ae403cd19074e827e2d18fb6d9dbc9db09d76be62de7d8f,2020-04,City of London Police,City of London Police,-0.076435,51.513627,On or near ALDGATE,E01000005,City of London 001E,Unable to prosecute suspect
21425cafa1101ec2c043086be529482d2af61b9d0e6501329413e0bedb96a0ca,2020-04,City of London Police,City of London Police,-0.083587,51.512171,On or near LIME STREET PASSAGE,E01032739,City of London 001F,Investigation complete; no suspect identified
2c3950ad67e557b4e86f0147e9092bee760bcb08a3e65be4aeef1709703ab36d,2020-04,City of London Police,City of London Police,-0.091720,51.513454,On or near Supermarket,E01032739,City of London 001F,Further investigation is not in the public interest
790d0a31107d108e58753c42974953069bb211a8b442a1702435331310439a96,2020-04,City of London Police,City of London Police,-0.089435,51.511223,On or near BUSH LANE,E01032739,City of London 001F,Investigation complete; no suspect identified
61fba9b6cac9dd77cdb2dd475bf42bfc1885375c8750b764435a25cd1251d875,2020-04,City of London Police,City of London Police,-0.086166,51.510828,On or near EASTCHEAP,E01032739,City of London 001F,Investigation complete; no suspect identified
72383b4da1d9b010ac012bb77be743d33b182e2b841a25649055671924338124,2020-04,City of London Police,City of London Police,-0.094115,51.516497,On or near WOOD STREET,E01000002,City of London 001B,Unable to prosecute suspect
6e637f02c9a8b1c1d25de7caf968d3644a3cc5d04bb2f533b62d6dd6742b29d4,2020-04,City of London Police,City of London Police,-0.092297,51.518949,On or near Park/Open Space,E01000002,City of London 001B,Investigation complete; no suspect identified
e6a31359618e4fd38bdf1a7483d7096c89cfad10aa412dbe30d9d7ac41121227,2020-04,City of London Police,City of London Police,-0.080318,51.520678,On or near PRIMROSE STREET,E01032739,City of London 001F,Investigation complete; no suspect identified
54b0ab1cc75c5577d44aea11a069a2b49d3d144b7b50fa605b27a1e3a5a4c3eb,2020-04,City of London Police,City of London Police,-0.094628,51.514203,On or near CHEAPSIDE,E01032739,City of London 001F,Investigation complete; no suspect identified
05b284e5000f24c08ae0f424ffe9af54a256993e209cb059e1f46cc29f791637,2020-04,City of London Police,City of London Police,-0.079398,51.516508,On or near DEVONSHIRE SQUARE,E01032739,City of London 001F,Investigation complete; no suspect identified
7b5d135e99585b0df79575309024f59a0de866c754a3f98302e9dbaeaf40f5bc,2020-04,City of London Police,City of London Police,-0.079398,51.516508,On or near DEVONSHIRE SQUARE,E01032739,City of London 001F,Investigation complete; no suspect identified
b60f370fad80ba894a8763558bf1c198c453b1267e4524a93bcbe740ffaa9222,2020-04,City of London Police,City of London Police,-0.096363,51.513377,On or near NEW CHANGE,E01032739,City of London 001F,Formal action is not in the public interest
698dd673a9fe85a41e59243135a08341a2552bcf61c8935bfc92c895b2334a44,2020-04,City of London Police,City of London Police,-0.083755,51.514358,On or near THREADNEEDLE STREET,E01032739,City of London 001F,Investigation complete; no suspect identified
c0f5d22a7ede9ccab8262794f9d0ed522483746c5a1b8b4caf11801593de033e,2020-04,City of London Police,City of London Police,-0.104621,51.512692,On or near Supermarket,E01032740,City of London 001G,Investigation complete; no suspect identified
1ef2eb7a64e79334796766fdb29f7370798770135d5f1b7c39bd2bb65eec6a59,2020-04,City of London Police,City of London Police,-0.092297,51.518949,On or near Park/Open Space,E01000002,City of London 001B,Unable to prosecute suspect
83fd0a70ff558f753c9bdf93fc470a458dec2a7b4bcaf34b88ba6d4b8f6351dd,2020-04,City of London Police,City of London Police,-0.077224,51.516122,On or near Shopping Area,E01000005,City of London 001E,Investigation complete; no suspect identified
58ad8270e54487ce705485bc2c91a6c419801117174a81f0c7ec5f8357089c95,2020-04,City of London Police,City of London Police,-0.104621,51.512692,On or near Supermarket,E01032740,City of London 001G,Investigation complete; no suspect identified
e7e8957e9fc7e08833a22b645dad444535c2a85521dea9a2207720bdcce4755c,2020-04,City of London Police,City of London Police,-0.098572,51.516767,On or near KING EDWARD STREET,E01000001,City of London 001A,Unable to prosecute suspect
d92e2b4b2565419432c9bcbcf5da09c57de6e363d9909da805e3e67b30c86da1,2020-04,City of London Police,City of London Police,-0.081620,51.516814,On or near ALDERMAN'S WALK,E01032739,City of London 001F,Investigation complete; no suspect identified
36064324d7dc283a07e7130d1bcae724dc5145d3c5c0f70a11c6cbf66b9fb4c1,2020-04,City of London Police,City of London Police,-0.081620,51.516814,On or near ALDERMAN'S WALK,E01032739,City of London 001F,Investigation complete; no suspect identified
915fdab85e9537f5675fafca63ddbf74528946d9ddbd9a5a3881d39ea47601dd,2020-04,City of London Police,City of London Police,-0.080376,51.517244,On or near Supermarket,E01032739,City of London 001F,Investigation complete; no suspect identified
32b52ac887c92add04ed896d8f7f365c6ba285e9661c91b912f10878e8460149,2020-04,City of London Police,City of London Police,-0.104621,51.512692,On or near Supermarket,E01032740,City of London 001G,Investigation complete; no suspect identified
6370e05ba2ae39edc899a4e47e671599143919922ba2c7e8843c9406b7540a75,2020-04,City of London Police,City of London Police,-0.086175,51.510945,On or near GRACECHURCH STREET,E01032739,City of London 001F,Investigation complete; no suspect identified
4449d09efd1b7cce6f4041fb2f7581fc39a98b2f3a1f9b85c22e1341685334a3,2020-04,City of London Police,City of London Police,-0.102741,51.513885,On or near PAGEANTMASTER COURT,E01032740,City of London 001G,Investigation complete; no suspect identified
218940e365b47adeac7ec4647fcadbf3d74b4eb28d029e5d5b0601227d44b714,2020-04,City of London Police,City of London Police,-0.094546,51.520658,On or near BEECH STREET,E01000002,City of London 001B,Investigation complete; no suspect identified
d7c78abc7f5a41fb1faab41ff7fe285c7615c766fcc676e6538c28194ce74546,2020-04,City of London Police,City of London Police,-0.084618,51.512682,On or near GRACECHURCH STREET,E01032739,City of London 001F,Investigation complete; no suspect identified
15b89079ff3f78ec1082d4e81f39fea981949f9757a9c8c1d1c2826a75f2cf2f,2020-04,City of London Police,City of London Police,-0.080376,51.517244,On or near Supermarket,E01032739,City of London 001F,Investigation complete; no suspect identified
40cd4197f42f0632245d0979e2e8a4ecb6f80730af959591deccda8bb20c11a3,2020-04,City of London Police,City of London Police,-0.097601,51.520699,On or near CARTHUSIAN STREET,E01000001,City of London 001A,Unable to prosecute suspect
f362cc5da8fa848ddc80e816f05f432ee633a24933e400f56868a04d5e7db4a9,2020-04,City of London Police,City of London Police,-0.076592,51.514367,On or near Pedestrian Subway,E01000005,City of London 001E,Unable to prosecute suspect
8956ab6c1ce9bfdff7c6afdc806985b40d9e24faf71c766647232b617c9a19c9,2020-04,City of London Police,City of London Police,-0.086764,51.510307,On or near FISH STREET HILL,E01032739,City of London 001F,Investigation complete; no suspect identified
51634f148e36365a628d5a3a6ca3d816ff67c2700346ec16c010d24d30aac29f,2020-04,City of London Police,City of London Police,-0.104887,51.516347,On or near FARRINGDON STREET,E01032740,City of London 001G,Investigation complete; no suspect identified
c41d025de8bc2b2d5e5355cb6acbf97cf59a24d5933fc7656b9c010752a7bc92,2020-04,City of London Police,City of London Police,-0.087760,51.517149,On or near LONDON WALL,E01032739,City of London 001F,Investigation complete; no suspect identified
200694427a478d527c9b1729bd893fc9881086585ba78100cfbe29df2f84574e,2020-04,City of London Police,City of London Police,-0.091720,51.513454,On or near Supermarket,E01032739,City of London 001F,Unable to prosecute suspect
5fc52c9a0ad2f7133b7af9d7dc18fb575bffa6c956e2a4d6a6fe3f13d712ef1c,2020-04,City of London Police,City of London Police,-0.091720,51.513454,On or near Supermarket,E01032739,City of London 001F,Investigation complete; no suspect identified
002dc0db28306f572e3e0ea593c55cca1dbe55c75fbbfc4373ca754db854490d,2020-04,City of London Police,City of London Police,-0.097210,51.523156,On or near BALTIC STREET WEST,E01033490,Islington 022H,Unable to prosecute suspect
f3abdead48db8d69ae483abc12cb6445e738e0133f8af925e1473d47755cbee7,2020-04,City of London Police,City of London Police,-0.082527,51.512027,On or near CULLUM STREET,E01032739,City of London 001F,Investigation complete; no suspect identified
30076161a3f68dbbed85035629b966831c36b522350dea4a4d2485c5317a0de1,2020-04,City of London Police,City of London Police,-0.097562,51.518864,On or near Parking Area,E01000001,City of London 001A,Investigation complete; no suspect identified
2b869fb57602d45b8c319f37a71f0670f200167d9502c50d59ae5f5244659674,2020-04,City of London Police,City of London Police,-0.081620,51.516814,On or near ALDERMAN'S WALK,E01032739,City of London 001F,Investigation complete; no suspect identified
dda1755c2ff42ac2ddaa6824479abb8f527f18d2a6e652cde8115f4432647800,2020-04,City of London Police,City of London Police,-0.102721,51.515404,On or near ST GEORGES'S COURT,E01032740,City of London 001G,Formal action is not in the public interest
85bf825f5c105ad8303f13c3c280de64392a0808735786a2ee8cd1e58c82d67e,2020-04,City of London Police,City of London Police,-0.085669,51.515100,On or near AUSTIN FRIARS,E01032739,City of London 001F,Formal action is not in the public interest
cf10e22136abe61771bc15b9733eebbfc1e88676f95105c3af26119cc9742b30,2020-04,City of London Police,City of London Police,-0.080728,51.511611,On or near Supermarket,E01032739,City of London 001F,Investigation complete; no suspect identified
6f53b6c9fc9107006e1e773ce6cc8a9d368446fb0396a7ebbe2fcca88c79bf88,2020-04,City of London Police,City of London Police,-0.100884,51.516966,On or near Hospital,E01032740,City of London 001G,Formal action is not in the public interest
8a456aca1351b8a91a2a1f079eb4eb4bd187151c947684fdd8cfc16dd3874afc,2020-04,City of London Police,City of London Police,-0.108283,51.517526,On or near Supermarket,E01032740,City of London 001G,Investigation complete; no suspect identified
34b9d5ddab11a941dcc050b6b61e0ed3b610b4c524d7d372dfa3f69a24a36f70,2020-04,City of London Police,City of London Police,-0.108283,51.517526,On or near Supermarket,E01032740,City of London 001G,Investigation complete; no suspect identified
4cce47452eb18f823162d08137b25f21b634e92610428eb68df70f05ad7c3ed4,2020-04,City of London Police,City of London Police,-0.104252,51.516733,On or near Supermarket,E01032740,City of London 001G,Investigation complete; no suspect identified
726fc2098527fd2474dc9741a10555a0abb517bb7060f50f3fc294ce7c5ab33a,2020-04,City of London Police,City of London Police,-0.105134,51.513869,On or near BRIDE LANE,E01032740,City of London 001G,Investigation complete; no suspect identified
79488de23e75de1a1ae71050220f2adb1a4c7f235ca41cf835901c9eabb1cb15,2020-04,City of London Police,City of London Police,-0.096363,51.513377,On or near NEW CHANGE,E01032739,City of London 001F,Investigation complete; no suspect identified
0e48fc685f8d2c7e97474fe865190cf81e50cf0bcac4c4c8498afceca53a2e70,2020-04,City of London Police,City of London Police,-0.101345,51.518709,On or near Parking Area,E01032740,City of London 001G,Investigation complete; no suspect identified
42d3aa0af245337f204a48bd4cf1996d4995c623fa7dee143b71a44eea2a6d31,2020-04,City of London Police,City of London Police,-0.095015,51.513220,On or near WATLING STREET,E01032739,City of London 001F,Investigation complete; no suspect identified
e342bf2887bf870d6a3ed929116fb0db3e2fa05e0aad8150533d9eb8f4f30184,2020-04,City of London Police,City of London Police,-0.086175,51.510945,On or near GRACECHURCH STREET,E01032739,City of London 001F,Investigation complete; no suspect identified
a037581b5535c99415f5cb89ff4e91b045a8b80c9f1878784330196d792075c4,2020-04,City of London Police,City of London Police,-0.075722,51.511053,On or near CRESCENT,E01000005,City of London 001E,Unable to prosecute suspect
1d814b470cf18cdc83ebba03c804974c440104ef6c003b79d70090f65505b81d,2020-04,City of London Police,City of London Police,-0.094468,51.521853,On or near GOLDEN LANE,E01000003,City of London 001C,Investigation complete; no suspect identified
67ffaa8a3fd9a53d2eecf2273bc1d2909cf9b7b82420e78d41afc384849e1199,2020-04,City of London Police,City of London Police,-0.101055,51.513552,On or near CREED LANE,E01032739,City of London 001F,Investigation complete; no suspect identified
76ed795b3d2d53d8be2ecc3b042224d7ca2525118339452b54c1542ee8707989,2020-04,City of London Police,City of London Police,-0.100179,51.514158,On or near Shopping Area,E01032739,City of London 001F,Investigation complete; no suspect identified
f69ee55d32a893ad9cc5bde2a1b0127b9a7869090e327abb280d543e6522aca3,2020-04,City of London Police,City of London Police,-0.089435,51.511223,On or near BUSH LANE,E01032739,City of London 001F,Investigation complete; no suspect identified
15fec04d5cb63bcc91a62907cfe1e4eb3c7a9b856283956a589f9420261bf439,2020-04,City of London Police,City of London Police,-0.102741,51.513885,On or near PAGEANTMASTER COURT,E01032740,City of London 001G,Formal action is not in the public interest
7a7844c117d7b1237144adfc833154d974a31762ca3cd1c49b24b74f01e9642b,2020-04,City of London Police,City of London Police,-0.102741,51.513885,On or near PAGEANTMASTER COURT,E01032740,City of London 001G,Unable to prosecute suspect
fc88260ee69c791bc3ec9a9391427caeb6354410c9a7b46a4fa14decdbc59025,2020-04,City of London Police,City of London Police,-0.080728,51.511611,On or near Supermarket,E01032739,City of London 001F,Unable to prosecute suspect
1613078c84158775cb48e0b4395842db822a48ddfd7478fe0cf3ce35df2c52fb,2020-04,City of London Police,City of London Police,-0.101963,51.519097,On or near Conference/Exhibition Centre,E01032740,City of London 001G,Investigation complete; no suspect identified
d326609ec138bc1497ac069bb4962e34d2d566c6c7fbf19d3c158d79451bbf2f,2020-04,City of London Police,City of London Police,-0.080376,51.517244,On or near Supermarket,E01032739,City of London 001F,Investigation complete; no suspect identified
b80a5144c84c4c0f131ac5ca17f66b3d8911b0f740044cedd576882c4693f90c,2020-04,City of London Police,City of London Police,-0.080782,51.514804,On or near ST MARY AXE,E01032739,City of London 001F,Investigation complete; no suspect identified
3ede99b1b6a84c6b81bbe96e300b15dd7f428d3caa0d349e85dab0c2dd49c056,2020-04,City of London Police,City of London Police,-0.091720,51.513454,On or near Supermarket,E01032739,City of London 001F,Investigation complete; no suspect identified
67688bea7b36fc0b0e961f0523d71b1cf5c121728180fd154e7864ccb2e21cc8,2020-04,City of London Police,City of London Police,-0.074958,51.514151,On or near ALDGATE HIGH STREET,E01000005,City of London 001E,Investigation complete; no suspect identified
4c9480227d70527258c362166f9b691451a013524e603ea7326574ea003c0bc2,2020-04,City of London Police,City of London Police,-0.112939,51.518231,On or near SOUTHAMPTON BUILDINGS,E01032740,City of London 001G,Investigation complete; no suspect identified
fd0b883fbe0ee4e95b5d8c783869c0a9035e51154d7f9f39e9218b1ca5e059b2,2020-04,City of London Police,City of London Police,-0.094468,51.521853,On or near GOLDEN LANE,E01000003,City of London 001C,Investigation complete; no suspect identified
91cb151d5e28a5b20a04d643cb3f8a2506914b1b61eaed75efbf165187537278,2020-04,City of London Police,City of London Police,-0.084199,51.513394,On or near CORNHILL,E01032739,City of London 001F,Investigation complete; no suspect identified
5a3a3572bcc7ee7d676d283dcb844c40668eebfb4dc8f10061e005e2bd8df674,2020-04,City of London Police,City of London Police,-0.084199,51.513394,On or near CORNHILL,E01032739,City of London 001F,Investigation complete; no suspect identified
50902a8540eb1d455277fbba83e284b9ce02cac57dcb1b5979509c7c7af6643a,2020-04,City of London Police,City of London Police,-0.084983,51.510494,On or near Supermarket,E01032739,City of London 001F,Investigation complete; no suspect identified
a9a421207b9586f769769744ee0587fef128b117eb03c6de2bd9a9e5b8fe44e8,2020-04,City of London Police,City of London Police,-0.084251,51.520059,On or near SUN STREET,E01032739,City of London 001F,Investigation complete; no suspect identified
f3dc63fd4cf388ec00152e9fbba41b619d697a65b15bedc1b01418b989f684f1,2020-04,City of London Police,City of London Police,-0.085669,51.515100,On or near AUSTIN FRIARS,E01032739,City of London 001F,Investigation complete; no suspect identified
02830ae247cf0f87b35e76c0697fbcfca3ecd34a8121990982354931abb2c5a7,2020-04,City of London Police,City of London Police,-0.088203,51.518262,On or near MOORGATE,E01032739,City of London 001F,Investigation complete; no suspect identified
7271d414cfc4b9c6d4d7546adb6b4b154eff9927bb65f2b2b519bda461a0fd1a,2020-04,City of London Police,City of London Police,-0.087780,51.508066,On or near BOROUGH HIGH STREET,E01032739,City of London 001F,Investigation complete; no suspect identified
d206453fa8a2dbd97cf9edefd37febb81582a757a2f1bc89b46e422f7c24ee3a,2020-04,City of London Police,City of London Police,-0.086051,51.513569,On or near FINCH LANE,E01032739,City of London 001F,Investigation complete; no suspect identified
707238bba0a910bacd685a40129dc0a572b45f22a6a9ed44fb340fa21161198a,2020-04,City of London Police,City of London Police,-0.081091,51.516014,On or near CAMOMILE STREET,E01032739,City of London 001F,Investigation complete; no suspect identified
4901466e3591e030c7a929e0dd193ee78bfefe33838b7f514cd73f67c7186315,2020-04,City of London Police,City of London Police,-0.096846,51.511478,On or near LAMBETH HILL,E01032739,City of London 001F,Investigation complete; no suspect identified
b21bc7c9022ff37004596600538cf4708c9e1e62a2c5c386c8109e628c3c0adc,2020-04,City of London Police,City of London Police,-0.081549,51.511625,On or near MINCING LANE,E01032739,City of London 001F,Investigation complete; no suspect identified
d58a6f0a9ffaa490e5f005b3fc07f6f70fa8056f59f3d7f28de630392891f681,2020-04,City of London Police,City of London Police,-0.091258,51.514157,On or near FREDERICK'S PLACE,E01032739,City of London 001F,Investigation complete; no suspect identified
3ab4adbf82c7de9e2709bdbec22771062c145c5df8532d9df15ebf87121f743e,2020-04,City of London Police,City of London Police,-0.078484,51.517680,On or near CATHERINE WHEEL ALLEY,E01032739,City of London 001F,Investigation complete; no suspect identified
d212dca94fea98b46c8a7a788c2653b6a2cb99a59a8c5ea504736b61c2f2aa75,2020-04,City of London Police,City of London Police,-0.076113,51.511014,On or near Conference/Exhibition Centre,E01000005,City of London 001E,Investigation complete; no suspect identified
3893b70f8dd539f629b07a270f10298c1a28d43f4ba0c1887605e972c2de6dff,2020-04,City of London Police,City of London Police,-0.076435,51.513627,On or near ALDGATE,E01000005,City of London 001E,Investigation complete; no suspect identified
bfc8bc1e6589434f88a8143bacc1f2ed66eacecb7a12bdce14359876a908fe52,2020-04,City of London Police,City of London Police,-0.079130,51.507808,On or near Ferry Terminal,E01004293,Tower Hamlets 027B,Investigation complete; no suspect identified
4032124a55a74263c92398e722dab79931376d060b7e042dcfc8a8f9b91007cc,2020-04,City of London Police,City of London Police,-0.100202,51.513268,On or near DEAN'S COURT,E01032739,City of London 001F,Investigation complete; no suspect identified
4cfc1e37a63e128549a6c9ae127d0f3f655921b68613ff22a1d50f19c35ac2cc,2020-04,City of London Police,City of London Police,-0.079786,51.517576,On or near Police Station,E01032739,City of London 001F,Investigation complete; no suspect identified
d20cf6f605c8bc46813c9bed4310267ff250f7fd8f5e4ad50ed7243b2f8731db,2020-04,City of London Police,City of London Police,-0.109826,51.516814,On or near NORWICH STREET,E01032740,City of London 001G,Investigation complete; no suspect identified
3dc510d11bf2b0a6981630c97ea3ede73e866698aa4683edaeb241976828bb07,2020-04,City of London Police,City of London Police,-0.092719,51.512652,On or near QUEEN VICTORIA STREET,E01032739,City of London 001F,Investigation complete; no suspect identified
e0f7249b16733be367af09203e638af86ea838d8f77d0dcf540cb2cf5020205d,2020-04,City of London Police,City of London Police,-0.079613,51.517231,On or near NEW STREET,E01032739,City of London 001F,Investigation complete; no suspect identified
4341c4061443cc885d7e5bcecba4bd9e5f503c0e71647e477fbbb782f742ce4f,2020-04,City of London Police,City of London Police,-0.088766,51.519620,On or near ROPEMAKER STREET,E01002704,Islington 023D,Investigation complete; no suspect identified
05838e8c7482ff84c8458192bf2b23cded5aef10b2289a63ad335d12b25f7ef0,2020-04,City of London Police,City of London Police,-0.096075,51.514766,On or near FOSTER LANE,E01032739,City of London 001F,Investigation complete; no suspect identified
06ccb926571e88f55ff3d55a4ff52e763742bfd237fd69d50a5a9df1d956b103,2020-04,City of London Police,City of London Police,-0.088766,51.519620,On or near ROPEMAKER STREET,E01002704,Islington 023D,Investigation complete; no suspect identified
f2eda97f37252dd211f219d3e1f6a5345439addc3d82f7d974b1d9bec56bc16e,2020-04,City of London Police,City of London Police,-0.088621,51.518619,On or near MOORFIELDS,E01000002,City of London 001B,Investigation complete; no suspect identified
09303fdeafe1728a0b775caf4966d2d5d54a2ee7618d53d40ee4e8588aa651be,2020-04,City of London Police,City of London Police,-0.082512,51.512387,On or near LIME STREET,E01032739,City of London 001F,Investigation complete; no suspect identified
ced0c9a130f8380a135eb826223de756dbd2c596602a28f045ad6de6abbaaaf2,2020-04,City of London Police,City of London Police,-0.094933,51.513129,On or near BREAD STREET,E01032739,City of London 001F,Investigation complete; no suspect identified
3a45db423c6317d915862a018b5d3db4910c367b7ad65833cf8e20b77c7b9aee,2020-04,City of London Police,City of London Police,-0.092077,51.512147,On or near TOWER ROYAL,E01032739,City of London 001F,Formal action is not in the public interest
428f55274685ec97eaf05d140a0b728ed62705cb85b460f5322afc97aa3ea59a,2020-04,City of London Police,City of London Police,-0.099818,51.519017,On or near CLOTH FAIR,E01032740,City of London 001G,Investigation complete; no suspect identified
534a0b091be63390035bd3ab94a3a5a759f4e60da783c32b392aa1b87786f306,2020-04,City of London Police,City of London Police,-0.110710,51.513914,On or near FLEET STREET,E01032740,City of London 001G,Investigation complete; no suspect identified
6d6fb6a96ee6940dad278f4d8f926c115da8f8c930e3aa6eb065e1b3408ccd10,2020-04,City of London Police,City of London Police,-0.088225,51.514656,On or near LOTHBURY,E01032739,City of London 001F,Investigation complete; no suspect identified
8713e87599d5800d365846621c4535384c9d31afe99697f93f6758d8c5f6fb1b,2020-04,City of London Police,City of London Police,-0.094464,51.512959,On or near WATLING COURT,E01032739,City of London 001F,Investigation complete; no suspect identified
8e4c698039b0eeb18ed4f7eca39633ea35805059381bfc63ef6f0477cdafe033,2020-04,City of London Police,City of London Police,-0.077578,51.510795,On or near PEPYS STREET,E01032739,City of London 001F,Investigation complete; no suspect identified
6d75c4f61a96e0d92fbac8b41c849c4cde61e5e843e788aa25aa6bf29eab2c48,2020-04,City of London Police,City of London Police,-0.098642,51.517146,On or near LITTLE BRITAIN,E01000001,City of London 001A,Investigation complete; no suspect identified
87c87399826466b95c219ee39fd6bde158d530dbdb1a36fa7c7289d4906d543a,2020-04,City of London Police,City of London Police,-0.085014,51.509775,On or near MONUMENT STREET,E01032739,City of London 001F,Investigation complete; no suspect identified
826452ae4ebd110372022b8bc0baf8f6acabccdefa8a98bf9073424ada32c9fa,2020-04,City of London Police,City of London Police,-0.093257,51.513920,On or near BOW LANE,E01032739,City of London 001F,Investigation complete; no suspect identified
54a2a02a51eef062c2e07c09a36739f4660fbf376c07cc2b7ec51d0823b43a3c,2020-04,City of London Police,City of London Police,-0.107485,51.516614,On or near THAVIES INN,E01032740,City of London 001G,Investigation complete; no suspect identified
cbcb46230468c588d05b615ab82925a440f0c87fbbb28e46df3a00df61608f26,2020-04,City of London Police,City of London Police,-0.105134,51.513869,On or near BRIDE LANE,E01032740,City of London 001G,Investigation complete; no suspect identified
d5355494ce4703d95a1858a6aa6aa30545953b93b4b1f9d8b8fd598ccd4694c7,2020-04,City of London Police,City of London Police,-0.105134,51.513869,On or near BRIDE LANE,E01032740,City of London 001G,Investigation complete; no suspect identified
777c873095cbf015ce9cff3924ca883c34b34ed52ca94eb1c0086ae6457ffeef,2020-04,City of London Police,City of London Police,-0.081620,51.516814,On or near ALDERMAN'S WALK,E01032739,City of London 001F,Investigation complete; no suspect identified
9438f0b6ee54c930df45d7fd6f4d67125041fa9b54a71ba85dfcef35aebbfd5f,2020-04,City of London Police,City of London Police,-0.091440,51.519807,On or near SILK STREET,E01000002,City of London 001B,Investigation complete; no suspect identified
29f6d316a19d87901083d44fb0839b204d47ed641316e37bae1879bca2e00810,2020-04,City of London Police,City of London Police,-0.086278,51.509876,On or near FISH STREET HILL,E01032739,City of London 001F,Investigation complete; no suspect identified
4511832c0fd11e67d1c717ced761da488cfa994785a1bea19c92e99f2b15405c,2020-04,City of London Police,City of London Police,-0.081580,51.520510,On or near PINDAR STREET,E01032739,City of London 001F,Investigation complete; no suspect identified
d26a67843f2b605d302f9b09989add548ba107b1c7cdadc280950146510f42d8,2020-04,City of London Police,City of London Police,-0.090506,51.513524,On or near POULTRY,E01032739,City of London 001F,Investigation complete; no suspect identified
b64aa77cf59a1d165cc3547681776936acd0f78cb24dc7fea70f57bccce41ed4,2020-04,City of London Police,City of London Police,-0.090506,51.513524,On or near POULTRY,E01032739,City of London 001F,Unable to prosecute suspect
402426caadb9ad298593f895011e37ef6c3876d07b81553854a59126a138582f,2020-04,City of London Police,City of London Police,-0.098062,51.517577,On or near MONTAGUE STREET,E01000001,City of London 001A,Investigation complete; no suspect identified
29cd301d62fb9800160b666d6a8d6f01d01bcfcc4d9a42a56d22672a0482033b,2020-04,City of London Police,City of London Police,-0.081516,51.510014,On or near GREAT TOWER STREET,E01032739,City of London 001F,Unable to prosecute suspect
defbe1d4eaf907411eb5c268add851ca601a042035d28c3d1c8a70e8bc8cedcd,2020-04,City of London Police,City of London Police,-0.102647,51.513721,On or near PILGRIM STREET,E01032739,City of London 001F,Investigation complete; no suspect identified
8d67a35043130a3935a1159822cec6bd310a44cd0acf85e7c417eb02a398ba33,2020-04,City of London Police,City of London Police,-0.104887,51.516347,On or near FARRINGDON STREET,E01032740,City of London 001G,Investigation complete; no suspect identified
3da31b382611b655823002eb127772e5a9bc5165700d567d79e65b18035713a0,2020-04,City of London Police,City of London Police,-0.101055,51.513552,On or near CREED LANE,E01032739,City of London 001F,Investigation complete; no suspect identified
b08a353ad9eab57a46a2c8a56bcb68b1b32623689919592df6405dbedf67f359,2020-04,City of London Police,City of London Police,,,No location,,,Investigation complete; no suspect identified
bcc116f5f010035336fcc0c96dd090100add946b1d8f2e7535fdc5a32f4ec2b9,2020-04,City of London Police,City of London Police,-0.091108,51.511529,On or near CLOAK LANE,E01032739,City of London 001F,Investigation complete; no suspect identified
4edc48082456adc7a86e691c6642ec203d1aa3d6ecfee06049670183a6767eb6,2020-04,City of London Police,City of London Police,-0.101055,51.513552,On or near CREED LANE,E01032739,City of London 001F,Investigation complete; no suspect identified
fb22a20ef9ed56e2812203905c14564c3e2d664d589e7a553d9acbb18368ce15,2020-04,City of London Police,City of London Police,-0.109647,51.514887,On or near FETTER LANE,E01032740,City of London 001G,Investigation complete; no suspect identified
820daa95414da2f0b12914bb3d8d965cd95514c4211195b34a0d79b25c676856,2020-04,City of London Police,City of London Police,-0.084768,51.512882,On or near CORBET COURT,E01032739,City of London 001F,Investigation complete; no suspect identified
0543c16a2ab400294f485d5354640501cf811ecc7ae1a28351f01b8358a73cef,2020-04,City of London Police,City of London Police,-0.090506,51.513524,On or near POULTRY,E01032739,City of London 001F,Unable to prosecute suspect
0b400d66b63e30f4862fa525aee3fd2b204f91275fc6a717edebbe5a50168015,2020-04,City of London Police,City of London Police,-0.101274,51.512791,On or near ST ANDREW'S HILL,E01032739,City of London 001F,Unable to prosecute suspect
c1ecfe815320152f3cf5393300a6c5fe6f5201f652d8ca09f1032ebcb14b1221,2020-04,City of London Police,City of London Police,-0.094720,51.514420,On or near WOOD STREET,E01032739,City of London 001F,Unable to prosecute suspect
d038cfaeda94c9414ebd5857e068c4f204b950aa8a794fab31881b8a011e9185,2020-04,City of London Police,City of London Police,-0.094720,51.514420,On or near WOOD STREET,E01032739,City of London 001F,Unable to prosecute suspect
5d5f699570d9e5a1f706fc8f10aaae6fbf06fd09c3190422e6db8673bd9cc210,2020-04,City of London Police,City of London Police,-0.082628,51.518189,On or near SUN STREET PASSAGE,E01032739,City of London 001F,Unable to prosecute suspect
7b40659311b4a2a1bcced36fd017c85b22dcb70a1c4ab47081281926f2a8695d,2020-04,City of London Police,City of London Police,-0.082628,51.518189,On or near SUN STREET PASSAGE,E01032739,City of London 001F,Unable to prosecute suspect
83a844a2c29ba8f14b721168ce9bc3de0c7badd2eabe28fa0bc56cd3d458aa52,2020-04,City of London Police,City of London Police,-0.086551,51.511616,On or near LOMBARD COURT,E01032739,City of London 001F,Unable to prosecute suspect
5fdcb3abe2d49717fa347c6dff97d6a95cb782c08da865e67957a558e04b8fda,2020-04,City of London Police,City of London Police,-0.109709,51.517909,On or near HIGH HOLBORN,E01032740,City of London 001G,Formal action is not in the public interest
cbd304c86e0cef8c9fbfd65938c2b4f6b7d9e73e040441157beaf1e013cc9592,2020-04,City of London Police,City of London Police,-0.075389,51.511775,On or near MINORIES,E01000005,City of London 001E,Investigation complete; no suspect identified
7f94d4cf656d07956b5e6ad5ff0c9a5f47cf57f5f9950891d140ee76136a8a0a,2020-04,City of London Police,City of London Police,-0.079444,51.512678,On or near FENCHURCH BUILDINGS,E01032739,City of London 001F,Investigation complete; no suspect identified
45bb40a1b33b5d61377cda44ec5b2b801e891c6549ac2ef140bdec741e64abd5,2020-04,City of London Police,City of London Police,-0.111974,51.513683,On or near FLEET STREET,E01004735,Westminster 018B,Investigation complete; no suspect identified
2fcb891f5b10d7458ee07d7a1dbf5f04a343bcd2d3e23f95fe52987bc9196c6b,2020-04,City of London Police,City of London Police,-0.087780,51.508066,On or near BOROUGH HIGH STREET,E01032739,City of London 001F,Investigation complete; no suspect identified
e383c50748b3cbfcd483e5a285ca2e4f4d6f812847aa0c188063447e0eed2bf3,2020-04,City of London Police,City of London Police,-0.021672,51.540494,On or near ROACH ROAD,E01004224,Tower Hamlets 001C,Investigation complete; no suspect identified
961b0bd729c75994faf8fef31ad067c31c24329c25f1d8c4502b6bcf0beedbb6,2020-04,City of London Police,City of London Police,-0.102668,51.513560,On or near LUDGATE BROADWAY,E01032739,City of London 001F,Investigation complete; no suspect identified
948897dbe90707b8214f0088cfabe99686102d5916bf0c6133982218c40c8d5b,2020-04,City of London Police,City of London Police,-0.087780,51.508066,On or near BOROUGH HIGH STREET,E01032739,City of London 001F,Investigation complete; no suspect identified
cad27810cf01d23d8088e940a62f1bc1952ed260f173fa23fd86aa6f1be8f3c3,2020-04,City of London Police,City of London Police,-0.078484,51.517680,On or near CATHERINE WHEEL ALLEY,E01032739,City of London 001F,Investigation complete; no suspect identified
e9d367955b79dac5b855d193c390c7b1255ac35612099e437b91d8308c9593e2,2020-04,City of London Police,City of London Police,-0.090710,51.513132,On or near QUEEN VICTORIA STREET,E01032739,City of London 001F,Unable to prosecute suspect
7a3f043933f252e805d2cda3bbf81b8eab53a455396904965eed80b9a8de11d1,2020-04,City of London Police,City of London Police,-0.078856,51.518433,On or near ARTILLERY LANE,E01032739,City of London 001F,Investigation complete; no suspect identified
5e1bd2749d0f2bb2dead953c7e8349b758c72efa0bba565bb0b4a5cad8fbe164,2020-04,City of London Police,City of London Police,-0.081620,51.516814,On or near ALDERMAN'S WALK,E01032739,City of London 001F,Investigation complete; no suspect identified
d7d130d793eca30cc4d5204822e61525c8f11def9c5e2577262441dc31c0f51b,2020-04,City of London Police,City of London Police,-0.087780,51.508066,On or near BOROUGH HIGH STREET,E01032739,City of London 001F,Investigation complete; no suspect identified
05a1260c0f9bf1f0ed82999dade3a17c3d90b98d1cc427e49099da9e61639fde,2020-04,City of London Police,City of London Police,,,No location,,,Investigation complete; no suspect identified
6f277ade810a5fa1fec420814cd070f7f2ea993230def4ceefe4e667820c1399,2020-04,City of London Police,City of London Police,-0.102930,51.518375,On or near WEST SMITHFIELD,E01032740,City of London 001G,Investigation complete; no suspect identified
0ca4ebefb636a0ba1142386a53210257505f722dadb76cd5816ae475ebc74460,2020-04,City of London Police,City of London Police,-0.102930,51.518375,On or near WEST SMITHFIELD,E01032740,City of London 001G,Investigation complete; no suspect identified
a84e35908ebee587ed4d2884fa18d950c5a4f6cad04414135d1f7cc353c60d99,2020-04,City of London Police,City of London Police,-0.100884,51.516966,On or near Hospital,E01032740,City of London 001G,Unable to prosecute suspect
130a28a7a831b82868204ca2e8faa3ad5a3e11b929ff9699d5573231bcca9cbf,2020-04,City of London Police,City of London Police,-0.101055,51.513552,On or near CREED LANE,E01032739,City of London 001F,Investigation complete; no suspect identified
0f46bb83f685405478861bb7aa4b1399bdefeb8977952dc5eb5b038667ebb237,2020-04,City of London Police,City of London Police,-0.100202,51.513268,On or near DEAN'S COURT,E01032739,City of London 001F,Unable to prosecute suspect
a3e67176827bff59c11ab5954ae7024d956b1dc343f5ed6e9e9caed5e2d5ae1d,2020-04,City of London Police,City of London Police,-0.078665,51.509950,On or near MUSCOVY STREET,E01032739,City of London 001F,Unable to prosecute suspect
f789058fee4c01f421032b61cc46cd88875746a39010ffa0b0c3c48a3fda23b2,2020-04,City of London Police,City of London Police,-0.081091,51.516014,On or near CAMOMILE STREET,E01032739,City of London 001F,Investigation complete; no suspect identified
f2de950600f8e741489820cbbe205c30465fd9e96d6a530299b4ee1196bf293f,2020-04,City of London Police,City of London Police,-0.084199,51.513394,On or near CORNHILL,E01032739,City of London 001F,Investigation complete; no suspect identified
0ede6e8697a5c31ad55354981fe7a8bddd7ba947bfc97d7738c58839096b9acb,2020-04,City of London Police,City of London Police,-0.091732,51.521080,On or near Nightclub,E01002704,Islington 023D,Unable to prosecute suspect
f7b0eb4cc778ed7648b2a44993cfdaf66516fbb21e3caefaf470713974111ddf,2020-04,City of London Police,City of London Police,-0.104300,51.511761,On or near Pedestrian Subway,E01032740,City of London 001G,Further investigation is not in the public interest
0448522a8e06ff315ca17a2af500428647e4e2c19045e6a00ad1d53771a6da9b,2020-04,City of London Police,City of London Police,,,No location,,,Unable to prosecute suspect
b888a6096989b0074f1f61176697298080f9c62f917f68d1f8b04fd4ec9637cc,2020-04,City of London Police,City of London Police,-0.092719,51.512652,On or near QUEEN VICTORIA STREET,E01032739,City of London 001F,Investigation complete; no suspect identified
03d08202e32f4bb22218a9555eb834f034a81b132198f2cd94ebcba95481707c,2020-04,City of London Police,City of London Police,-0.102930,51.518375,On or near WEST SMITHFIELD,E01032740,City of London 001G,Investigation complete; no suspect identified
7c0ffca1889f499349d2b1aca2236405f16bc9a8a29aded0de76718ad88dee42,2020-04,City of London Police,City of London Police,-0.092077,51.512147,On or near TOWER ROYAL,E01032739,City of London 001F,Unable to prosecute suspect
023070ef14557a9a66a68d432e0866d50fd97700ac946ebbb6762abb9d7d0931,2020-04,City of London Police,City of London Police,-0.088621,51.518619,On or near MOORFIELDS,E01000002,City of London 001B,Investigation complete; no suspect identified
de39a4f94b8e717ceba9af87de1fcac0687f26db32eade818ddcebf5eda4dffc,2020-04,City of London Police,City of London Police,-0.088621,51.518619,On or near MOORFIELDS,E01000002,City of London 001B,Investigation complete; no suspect identified
15507e94966af707dc9be66c04f84d37da2bc543a79f90e5736f98094abce943,2020-04,City of London Police,City of London Police,-0.083755,51.514358,On or near THREADNEEDLE STREET,E01032739,City of London 001F,Unable to prosecute suspect
2ed33ff6cd1a2a90f8defcb2f32e5f24809e970af3f2e46d7c305c5ae7154e1a,2020-04,City of London Police,City of London Police,-0.109145,51.567709,On or near STROUD GREEN ROAD,E01002065,Haringey 036D,Unable to prosecute suspect
ba91daaa74066023b6ed895618c3103a5b72beb15dbc3a9ec6a2e49f35139588,2020-04,City of London Police,City of London Police,-0.087549,51.514276,On or near BARTHOLOMEW LANE,E01032739,City of London 001F,Unable to prosecute suspect
6a40896636601f8d18439e192c4e1ef2fc0298f4278aa7e5e0b144c68d8aa468,2020-04,City of London Police,City of London Police,-0.106922,51.514204,On or near FLEET STREET,E01032740,City of London 001G,Unable to prosecute suspect
86407e800dd30a63ad804ffd739fdffd8edf6dabe6f44fbc76fb0a9781777c0b,2020-04,City of London Police,City of London Police,-0.090847,51.511237,On or near SCOTT'S YARD,E01032739,City of London 001F,Unable to prosecute suspect
5f10f490500eb959b0a0f94fc8560a68b4a3859975c226ef18553b08fa6124ba,2020-04,City of London Police,City of London Police,-0.091258,51.514157,On or near FREDERICK'S PLACE,E01032739,City of London 001F,Investigation complete; no suspect identified
62ea93fbe956a5fa253c53b14ee11a9433b26b455625ec66d319b3089ff2f698,2020-04,City of London Police,City of London Police,-0.076080,51.511445,On or near AMERICA SQUARE,E01000005,City of London 001E,Investigation complete; no suspect identified
40c658c8ce9807a0fc4f40400e37dc79796c3fc15acdbca1cbbb187ecf81829a,2020-04,City of London Police,City of London Police,-0.084284,51.510671,On or near EASTCHEAP,E01032739,City of London 001F,Investigation complete; no suspect identified
8f0f2da58c32383ed5e56ee33d4af2b8d539a73e463ed09dc630ba87742574c6,2020-04,City of London Police,City of London Police,-0.096075,51.514766,On or near FOSTER LANE,E01032739,City of London 001F,Investigation complete; no suspect identified
6b416968d486e0a01568b12c7a430f811bd8e730583346d9ea855cd2fb9bf7db,2020-04,City of London Police,City of London Police,-0.074115,51.511224,On or near GOODMAN'S YARD,E01000005,City of London 001E,Unable to prosecute suspect
5e14f84a9683c7c44eccf9ac9146f85b3131dfbb5a5cb93aedf77b294008f305,2020-04,City of London Police,City of London Police,-0.079448,51.511554,On or near FENCHURCH PLACE,E01032739,City of London 001F,Investigation complete; no suspect identified
b51454f918edeebeb66dfd27a11b2a83a9a7bd98151b99b08815a7303b06650a,2020-04,City of London Police,City of London Police,-0.089451,51.517032,On or near Bus/Coach Station,E01032739,City of London 001F,Investigation complete; no suspect identified
fcb6eb7878e6be13a4a801f6190d79c2a9fd8e686d3c47a4770d856a84a1ed4f,2020-04,City of London Police,City of London Police,-0.086728,51.510477,On or near KING WILLIAM STREET,E01032739,City of London 001F,Investigation complete; no suspect identified
8150c2fc6042e86119e543b00133f1bfd62de7ffafad3c02ec1b92596e816c3f,2020-04,City of London Police,City of London Police,-0.081912,51.516370,On or near Conference/Exhibition Centre,E01032739,City of London 001F,Investigation complete; no suspect identified
2e3b86f1f633621b90a8d7a2c402c252353e15719f42d1973aef9ea699a3410b,2020-04,City of London Police,City of London Police,-0.096363,51.513377,On or near NEW CHANGE,E01032739,City of London 001F,Unable to prosecute suspect
be8443e17b5a374ed9a6525775b73d608c119955fe26a70cb3b7d3d9a44a0812,2020-04,City of London Police,City of London Police,-0.080034,51.513389,On or near LEADENHALL STREET,E01032739,City of London 001F,Unable to prosecute suspect
f6ad47a5e6f5a22c093f6e36e12c965d67e665f776e039520b109aea871e5fbf,2020-04,City of London Police,City of London Police,-0.086175,51.510945,On or near GRACECHURCH STREET,E01032739,City of London 001F,Investigation complete; no suspect identified
2b15190cbf4a32635855825339e64f70098fc978ebda709ee8f6b49e2578ad8b,2020-04,City of London Police,City of London Police,-0.102721,51.515404,On or near ST GEORGES'S COURT,E01032740,City of London 001G,Investigation complete; no suspect identified
624ad553200c9e67943cbd005cf1c7c9997a968c70d31170ad623c3b0ca4e428,2020-04,City of London Police,City of London Police,-0.105157,51.513330,On or near Theatre/Concert Hall,E01032740,City of London 001G,Investigation complete; no suspect identified
315f3b6e5f3174b0c49576c8e359cbc99c04de4cf6485c32ec407f79a0b3fe9b,2020-04,City of London Police,City of London Police,,,No location,,,Unable to prosecute suspect
2c509259302b52a6bf72f8f2b27459743936d82c7b0f7fc9af04816fad18827b,2020-04,City of London Police,City of London Police,-0.088042,51.511794,On or near ABCHURCH LANE,E01032739,City of London 001F,Investigation complete; no suspect identified
f8e9e8ea5e11ece3819f0e6642b3acd1381030b1f3c210c80e7b99686657f0a1,2020-04,City of London Police,City of London Police,-0.097645,51.515142,On or near ST MARTIN'S LE GRAND,E01032739,City of London 001F,Investigation complete; no suspect identified
ddf736747ed271dddc9e9a970b20c97cef30d7a4acc10584def0254114749a7e,2020-04,City of London Police,City of London Police,-0.097053,51.518262,On or near ALDERSGATE STREET,E01000001,City of London 001A,Investigation complete; no suspect identified
2ffe2bd926e9bb3222d650a4a10120eff13efe76f47e0201e20e6571a034f688,2020-04,City of London Police,City of London Police,-0.082913,51.513463,On or near LEADENHALL STREET,E01032739,City of London 001F,Investigation complete; no suspect identified
36f41dfc879e8528b1e6a831dc96150e30f1b3171a1dae8d0c3792c72ac3a2ba,2020-04,City of London Police,City of London Police,-0.077935,51.514281,On or near DUKE'S PLACE,E01032739,City of London 001F,Investigation complete; no suspect identified
465c4cefae7865d5fa40d8e211a94b5167aed383bb37e49bd07f68c1af48d9c6,2020-04,City of London Police,City of London Police,-0.082571,51.514753,On or near GREAT ST HELEN'S,E01032739,City of London 001F,Investigation complete; no suspect identified
bc9bfb95e512e28b1a3f43cac0174d18033b92136d1ae9890a70fbe09883d0f5,2020-04,City of London Police,City of London Police,-0.082571,51.514753,On or near GREAT ST HELEN'S,E01032739,City of London 001F,Investigation complete; no suspect identified
f02dc3ea476cce515bfcc4d672753d4c648475fa460703c380c3c18d5d8ea373,2020-04,City of London Police,City of London Police,-0.084618,51.512682,On or near GRACECHURCH STREET,E01032739,City of London 001F,Unable to prosecute suspect
73e27146d51f9fca83b93e0bb5c2adf7c30766a4c3a2722a88864ae5873b5f99,2020-04,City of London Police,City of London Police,-0.079398,51.516508,On or near DEVONSHIRE SQUARE,E01032739,City of London 001F,Investigation complete; no suspect identified
b50c3ad6925278a6cd067c2dcb65846b595ed8301b1299c7eaaeeb8fdcefec20,2020-04,City of London Police,City of London Police,-0.104001,51.513051,On or near APOTHECARY STREET,E01032739,City of London 001F,Formal action is not in the public interest
dedc2a910172c51bb80f2dc288ae415f3f22a426a43102e181e418c5c5b294b3,2020-04,City of London Police,City of London Police,-0.082628,51.518189,On or near SUN STREET PASSAGE,E01032739,City of London 001F,Further investigation is not in the public interest
e4684b22b8d707816316a386b4fcbe8e3dd4fc5ed04e766738e976cca9fffeb7,2020-04,City of London Police,City of London Police,-0.094115,51.516497,On or near WOOD STREET,E01000002,City of London 001B,Unable to prosecute suspect
cf0165bf18d65cf7ba9140507c27bf326a43fbd6290007e7c03b0a4cdb79a83c,2020-04,City of London Police,City of London Police,-0.076240,51.504245,On or near A100,E01032640,Southwark 003H,Investigation complete; no suspect identified
0ef483dd6559c0e0635fc2f25739b12f6a0e9008947cfe1b48951ce408deea18,2020-04,City of London Police,City of London Police,-0.078749,51.520985,On or near NORTON FOLGATE,E01032739,City of London 001F,Unable to prosecute suspect
cf06b60ced26b1fa277dd1b3111ddd72dfa0185a400e443a73b90dd7a6e6614b,2020-04,City of London Police,City of London Police,-0.091732,51.521080,On or near Nightclub,E01002704,Islington 023D,Investigation complete; no suspect identified
2ab6ca35c082a92abafa6dfe5c9a441c0dc38f9fc35c70dbe720c2c264926f7a,2020-04,City of London Police,City of London Police,-0.086728,51.510477,On or near KING WILLIAM STREET,E01032739,City of London 001F,Investigation complete; no suspect identified
ec03a699c08e862ff3d25cf6815a1704f13dfb766c1c37abc9cfa384c08d7e78,2020-04,City of London Police,City of London Police,-0.094628,51.514203,On or near CHEAPSIDE,E01032739,City of London 001F,Investigation complete; no suspect identified
07bb79819e7fca0aacac5b683fc4f54d7296fb04e5476dcb52f17176c45ba77a,2020-04,City of London Police,City of London Police,-0.077578,51.510795,On or near PEPYS STREET,E01032739,City of London 001F,Investigation complete; no suspect identified
492ab1063643920f05e8fb37a07f24817c97fcabbd590c40cb384def8c3da60c,2020-04,City of London Police,City of London Police,-0.092719,51.512652,On or near QUEEN VICTORIA STREET,E01032739,City of London 001F,Investigation complete; no suspect identified
fba13e2912c8169290d344f02108e8660b3c544c7a4abcfb98d4ba705bb31676,2020-04,City of London Police,City of London Police,,,No location,,,Unable to prosecute suspect
6c8d3e60633614a2fe554140ded70aa2c8ff346b0e300883be3c82d92c8b1a14,2020-04,City of London Police,City of London Police,-0.083587,51.512171,On or near LIME STREET PASSAGE,E01032739,City of London 001F,Investigation complete; no suspect identified
534130800dd385a8f53a5d74a8a7281bf45d6a8d84b6b6e34c6d2868678b9360,2020-04,City of London Police,City of London Police,-0.096511,51.511922,On or near QUEEN VICTORIA STREET,E01032739,City of London 001F,Unable to prosecute suspect
da34a572340e0211b4110721c58914eddf969086de429436a41133ea8fdb99c3,2020-04,City of London Police,City of London Police,-0.078856,51.518433,On or near ARTILLERY LANE,E01032739,City of London 001F,Investigation complete; no suspect identified
d1d7036f4ee52f77027838c3d5f491d98233ed0f7093ed3f112663d1319a68f5,2020-04,City of London Police,City of London Police,-0.079607,51.515657,On or near ST MARY AXE,E01000005,City of London 001E,Further investigation is not in the public interest
b64fb016e11d034d16fdc3d014b9515659b7e0b53b8f12e4284e1362890924ba,2020-04,City of London Police,City of London Police,-0.081890,51.515173,On or near ST HELEN'S PLACE,E01032739,City of London 001F,Investigation complete; no suspect identified
56ef8923bfcfc27f9de32b3d223e5c47418a80e509b36cf866afb7aefc0a464c,2020-04,City of London Police,City of London Police,-0.074958,51.514151,On or near ALDGATE HIGH STREET,E01000005,City of London 001E,Investigation complete; no suspect identified
49144c42f1d8d1fa69d69619ea8fbe50d8d53306be148c438fc87d158526a42b,2020-04,City of London Police,City of London Police,-0.081620,51.516814,On or near ALDERMAN'S WALK,E01032739,City of London 001F,Further investigation is not in the public interest
72075520972b0b90ef998b97197ea000b2b8d26605d1d939a27a0bf43531bbd4,2020-04,City of London Police,City of London Police,-0.097277,51.515307,On or near ST MARTIN'S LE GRAND,E01000001,City of London 001A,Unable to prosecute suspect
53225c25e2953d2f8db138d08125cf8709d07ac58911a7ee2aec1f92de6c655b,2020-04,City of London Police,City of London Police,-0.081580,51.520510,On or near PINDAR STREET,E01032739,City of London 001F,Investigation complete; no suspect identified
5fb735d82ecd97570229ced1bfa413a1748b24b1f22bdc7d918020e54a4803bd,2020-04,City of London Police,City of London Police,-0.088227,51.506338,On or near BOROUGH HIGH STREET,E01004027,Southwark 003E,Investigation complete; no suspect identified
f6bf05ef2e46e71198563a9a7973c8775ad9b138f3023447ff025154d6b740e6,2020-04,City of London Police,City of London Police,,,No location,,,Unable to prosecute suspect
bcb20f0eadd1341e5794d85d0591a69890eb1aa66e3dfcef9f8aa5d363046a97,2020-04,City of London Police,City of London Police,-0.084284,51.510671,On or near EASTCHEAP,E01032739,City of London 001F,Unable to prosecute suspect
0f872ea6af83fc274b1a3028b3ea0d1361789d8e8c6e4b1a2751edbc7fae036d,2020-04,City of London Police,City of London Police,,,No location,,,Investigation complete; no suspect identified
9787f963d26987b041e56c9d656757bffda11931a7ab0ec2779678eeb479f86b,2020-04,City of London Police,City of London Police,-0.083296,51.517058,On or near OLD BROAD STREET,E01032739,City of London 001F,Investigation complete; no suspect identified
894bda58d7d96902d924b7008f6ad84f966aee5b0b93b9872e67421d585c8be5,2020-04,City of London Police,City of London Police,-0.102930,51.518375,On or near WEST SMITHFIELD,E01032740,City of London 001G,Investigation complete; no suspect identified
7405d7cd08fe2314e3818e36dcbcac9f033ed080110d9ca36b03374491423b04,2020-04,City of London Police,City of London Police,,,No location,,,Investigation complete; no suspect identified
3db17b6ae8dd8a5298744951e86bd654c5eda3219c01743767a9634bdd8fe1ac,2020-04,City of London Police,City of London Police,-0.079780,51.512243,On or near FENCHURCH STREET,E01032739,City of London 001F,Further investigation is not in the public interest
d385e94fddab6e6224f2f300bddc3d43c6c663ffc9eeeb5d143b79f0664286ac,2020-04,City of London Police,City of London Police,-0.081091,51.516014,On or near CAMOMILE STREET,E01032739,City of London 001F,Investigation complete; no suspect identified
dba6bf37adafa57e9c657b4dbea28c7f9f44d6dcc4838aaa668d291a48bb2c18,2020-04,City of London Police,City of London Police,-0.088621,51.518619,On or near MOORFIELDS,E01000002,City of London 001B,Investigation complete; no suspect identified
d0b8c3d056541765c73c5f3c72257dcbb63dced894b8c325a9b6a8dd85430663,2020-04,City of London Police,City of London Police,-0.079780,51.512243,On or near FENCHURCH STREET,E01032739,City of London 001F,Investigation complete; no suspect identified
f65a2d445a37815764406474d7715b2ebb6f04c91d87ef52b66eea3f74854faf,2020-04,City of London Police,City of London Police,-0.111181,51.516476,On or near CURSITOR STREET,E01032740,City of London 001G,Investigation complete; no suspect identified
96beacca3e001b8b00136603266fbbeb451edd67fe8b70f0138c9ce81acf312a,2020-04,City of London Police,City of London Police,-0.081620,51.516814,On or near ALDERMAN'S WALK,E01032739,City of London 001F,Unable to prosecute suspect
733e1db6da4b93c27211e4e1fbbac77f16466a179fd87212c57f96ec83a33fb6,2020-04,City of London Police,City of London Police,-0.085355,51.510563,On or near PUDDING LANE,E01032739,City of London 001F,Investigation complete; no suspect identified
3e9fa87a1ddd06686c9d48316a42a7f63d61f5bacea241a50ec1bcd03b2a259c,2020-04,City of London Police,City of London Police,-0.083296,51.517058,On or near OLD BROAD STREET,E01032739,City of London 001F,Unable to prosecute suspect
9c4b753ab5ab5764e0bd6381ce261bd53b18b032ab4ebfd94ad1cfca58891491,2020-04,City of London Police,City of London Police,,,No location,,,Unable to prosecute suspect
bc2e5b659d4f304090188b7d4fbad7c3fea662fad1009d6fa42dce6889614d6d,2020-04,City of London Police,City of London Police,-0.104001,51.513051,On or near APOTHECARY STREET,E01032739,City of London 001F,Investigation complete; no suspect identified
1256be39fb89387cf1c836b356d70261a61af47873fdbb6907ce55f160c5bbc7,2020-04,City of London Police,City of London Police,-0.100202,51.513268,On or near DEAN'S COURT,E01032739,City of London 001F,Unable to prosecute suspect
f0498fbe056f8501507dc2f25b89a0915df467b4d93c163cf1e3f5c5d4eef76f,2020-04,City of London Police,City of London Police,-0.101055,51.513552,On or near CREED LANE,E01032739,City of London 001F,Investigation complete; no suspect identified
16802bb3861dd3aaf939b813df993d588fb09174b7cae8272e5a415350504cc4,2020-04,City of London Police,City of London Police,-0.077694,51.513171,On or near ALDGATE,E01032739,City of London 001F,Investigation complete; no suspect identified
5691aeaa16867c28ef5d32813633b0584b372f2388c1588f49fa404f97c30d52,2020-04,City of London Police,City of London Police,-0.078856,51.518433,On or near ARTILLERY LANE,E01032739,City of London 001F,Further investigation is not in the public interest
ef7ebf90fde1a206df5b7aca2eb2a6fafc5ad72093de15adade835bf6d3622db,2020-04,City of London Police,City of London Police,-0.092865,51.510182,On or near Parking Area,E01032739,City of London 001F,Unable to prosecute suspect
b2f14bf05b700fac5e164e0881740600eb0bc436cf24f726df7282db25a15c64,2020-04,City of London Police,City of London Police,-0.100202,51.513268,On or near DEAN'S COURT,E01032739,City of London 001F,Unable to prosecute suspect
509ff9f582c719724cda7ec455d34ca70480c84d250cab80d5991aac113d7489,2020-04,City of London Police,City of London Police,-0.082512,51.512387,On or near LIME STREET,E01032739,City of London 001F,Investigation complete; no suspect identified
8fd3fc40970bd3cf7a9fbfd434849995e82df7d482359808cbbe765bc36cfe8b,2020-04,City of London Police,City of London Police,-0.080665,51.509344,On or near Pedestrian Subway,E01032739,City of London 001F,Investigation complete; no suspect identified
044dd821acb1d760ba6ec1e1746d5b6e11fa465181a7bcadb0bfe1301306b092,2020-04,City of London Police,City of London Police,-0.080665,51.509344,On or near Pedestrian Subway,E01032739,City of London 001F,Investigation complete; no suspect identified
84ad00697f6253472278efa2e1ae549f4adb45e8345ab66e81120b5f6f3d6f43,2020-04,City of London Police,City of London Police,-0.094464,51.512959,On or near WATLING COURT,E01032739,City of London 001F,Unable to prosecute suspect
63b2cd9627d7cd78205e04d6e272bd41aa6a155d9e3fbefde29eb0a38db823e5,2020-04,City of London Police,City of London Police,-0.076240,51.504245,On or near A100,E01032640,Southwark 003H,Investigation complete; no suspect identified
cdc813971151b61b11a7d76889af1635d4af712978d8b15009ebc7611d424542,2020-04,City of London Police,City of London Police,-0.096814,51.512952,On or near ST PAUL'S CHURCH YARD,E01032739,City of London 001F,Further investigation is not in the public interest
db751f7e892cab8e2e20f8a47b6bb7c6554d279e6a0f7b092822551b3c7190b5,2020-04,City of London Police,City of London Police,-0.082571,51.514753,On or near GREAT ST HELEN'S,E01032739,City of London 001F,Suspect charged
ecfbbf00a8d727bfda428343bce6e5d3f082172aeaf6279ea7610aa640956076,2020-04,City of London Police,City of London Police,-0.095860,51.521660,On or near FANN STREET,E01000003,City of London 001C,Offender given a caution
2674d6950dfbeace382ef0f828b36581fb1a0f94c7af1c6c9f8385055603d375,2020-04,City of London Police,City of London Police,-0.081620,51.516814,On or near ALDERMAN'S WALK,E01032739,City of London 001F,Offender given a caution
8709461905e1564609586bd7505fc14d56a414453410502471a9a3555eef9a2a,2020-04,City of London Police,City of London Police,,,No location,,,Local resolution
20f1b744a0f19c14fd207b3d6985f64cedcb256026e7d30c9dc85d56093bc6c3,2020-04,City of London Police,City of London Police,-0.094628,51.514203,On or near CHEAPSIDE,E01032739,City of London 001F,Offender given a caution
d286c672189465b32fc0f3fd13e4e149670005d8b26b7dc306ac7fcb5190a533,2020-04,City of London Police,City of London Police,-0.080376,51.517244,On or near Supermarket,E01032739,City of London 001F,Suspect charged
3960a11db2cde79df848ccbd52d8fc4dda4229c3180731d35a46ba44b723f4b2,2020-04,City of London Police,City of London Police,-0.094628,51.514203,On or near CHEAPSIDE,E01032739,City of London 001F,Suspect charged
d670eb60bf0f490c44ec40bd1a1e1563572bcef072bcc9bc2a23e93a08eaa824,2020-04,City of London Police,City of London Police,-0.102930,51.518375,On or near WEST SMITHFIELD,E01032740,City of London 001G,Suspect charged
cde6c128f5875748eed4a3a60c27297dd5cf50ffa0dcb8b9c6baac72af805097,2020-04,City of London Police,City of London Police,-0.102930,51.518375,On or near WEST SMITHFIELD,E01032740,City of London 001G,Suspect charged
4aba404a4ba684e5d7081edad2ee2db6eb77987024e925a9546b42ae41c67e6f,2020-04,City of London Police,City of London Police,-0.077451,51.515523,On or near WHITE KENNETT STREET,E01000005,City of London 001E,Suspect charged
cd8a27c60e5f7418c3a11680cdf3dca04db5621cbb341b280b48d4e99c8d89e9,2020-04,City of London Police,City of London Police,-0.097929,51.521810,On or near GLASSHOUSE YARD,E01033490,Islington 022H,Suspect charged
48422f321c1c2a4fa3e7ecdf226a3e8af539b4c21915ba702cabf1b8748c7eb8,2020-04,City of London Police,City of London Police,-0.097929,51.521810,On or near GLASSHOUSE YARD,E01033490,Islington 022H,Suspect charged
8b8d1e3b6e269bb9d68b22bacfcc22c1c1697f79e43eb38fb1ec947b1390ae4e,2020-04,City of London Police,City of London Police,-0.097929,51.521810,On or near GLASSHOUSE YARD,E01033490,Islington 022H,Suspect charged
6a7e54f1e415eeef2f173f298e24629ac9c55487d3e41101f2739f0f2b9316a4,2020-04,City of London Police,City of London Police,-0.104252,51.516733,On or near Supermarket,E01032740,City of London 001G,Suspect charged
a11dfcfe39449ba16c6f73605e583f0f7023dfb989f19cb348446fe6221b48be,2020-04,City of London Police,City of London Police,-0.096363,51.513377,On or near NEW CHANGE,E01032739,City of London 001F,Suspect charged
5374d8c516ecff4c2334649a41e46ee09062d3c8ad4ce9fb5e10d59ff69fbb02,2020-04,City of London Police,City of London Police,-0.097277,51.515307,On or near ST MARTIN'S LE GRAND,E01000001,City of London 001A,Suspect charged
32d68c8e65c496d3ccaffadcfa13831e5ab813be9c19a420528255ef32842025,2020-04,City of London Police,City of London Police,-0.104494,51.509848,On or near A201,E01032739,City of London 001F,Offender given penalty notice
4f4b03c5d6bb55505160a53b5c74d8e6e5f83e2b3cd3010e8e2072e6b2dd02fb,2020-04,City of London Police,City of London Police,-0.081620,51.516814,On or near ALDERMAN'S WALK,E01032739,City of London 001F,Suspect charged
9eb8cb2a34bf7a62835ae46590640c1cd6df73183ace6a5680ff8d13b19a0c24,2020-04,City of London Police,City of London Police,-0.082965,51.516351,On or near WORMWOOD STREET,E01032739,City of London 001F,Suspect charged
49d1de330bd2c33589ba902b20fa7b8f01fe03619a28d8c47347c0609ede9239,2020-04,City of London Police,City of London Police,-0.104621,51.512692,On or near Supermarket,E01032740,City of London 001G,Offender given a caution
3ce10e3b59e76eb7a948b52d27ad18c0f86032530dab8dfc1554ca8ac922d9aa,2020-04,City of London Police,City of London Police,-0.106214,51.513905,On or near SALISBURY COURT,E01032740,City of London 001G,Suspect charged
b56b240397b1c8c8c14d58723d0f4c483fb81cc0b701ad1ccc3d0dfdc2e78d05,2020-04,City of London Police,City of London Police,-0.091720,51.513454,On or near Supermarket,E01032739,City of London 001F,Suspect charged
5616e41fa90c7496ef4878d90366455a9aa82db3d30dcb4f93518299b32d2cf9,2020-04,City of London Police,City of London Police,-0.081620,51.516814,On or near ALDERMAN'S WALK,E01032739,City of London 001F,Suspect charged
64b4185d31fc733f2b92383039117dee0abd15d8a82e9180da2d97500f887e57,2020-04,City of London Police,City of London Police,-0.081549,51.511625,On or near MINCING LANE,E01032739,City of London 001F,Suspect charged
377a400daedfb9d37ad304db3711ed455c0ff903d13a97240f1603de393869b5,2020-04,City of London Police,City of London Police,-0.086655,51.519783,On or near LACKINGTON STREET,E01002704,Islington 023D,Offender given a caution
830099f901a52fa5d4f8d4c32ddf18267333ea6f20b8a76e505b06995fb4a5e6,2020-04,City of London Police,City of London Police,-0.091720,51.513454,On or near Supermarket,E01032739,City of London 001F,Suspect charged
556b14f8059a936fdfebbe0b595a266c09d032b4ea34dde60afd1e74b0dd3cd9,2020-04,City of London Police,City of London Police,-0.101345,51.518709,On or near Parking Area,E01032740,City of London 001G,Suspect charged
42ba566fd5ed10488762473ca35d7daca88d68dc7279d26ed89bd669645a3954,2020-04,City of London Police,City of London Police,-0.086166,51.510828,On or near EASTCHEAP,E01032739,City of London 001F,Suspect charged
5285772cdad389da224d69bdb2ca3c1e4ab30cd994c73deab4e1dd2f3d4948a0,2020-04,City of London Police,City of London Police,-0.087118,51.513199,On or near Nightclub,E01032739,City of London 001F,Local resolution
de642590ef8ba8c82e2c037a04316459d0cd989fa88e4a555ee7d1c10f3a5f14,2020-04,City of London Police,City of London Police,-0.091506,51.513037,On or near SISE LANE,E01032739,City of London 001F,Offender given a caution
446dbb281eeab0386d93bfc9714578bd9668c1bbee7902c63fc1409970793a09,2020-04,City of London Police,City of London Police,-0.087549,51.514276,On or near BARTHOLOMEW LANE,E01032739,City of London 001F,Suspect charged
3e1e392c396c13fb3d52b477f0e965e669743d845a498d19773e504f308b6369,2020-04,City of London Police,City of London Police,-0.086166,51.510828,On or near EASTCHEAP,E01032739,City of London 001F,Suspect charged
18cb57dd8da0d2574180a0b486038679eff665ddb4377278ab592afdcb79af33,2020-04,City of London Police,City of London Police,-0.079786,51.517576,On or near Police Station,E01032739,City of London 001F,Suspect charged
cc921233f1934762d2ded33d84626d74fa792c9d7b05ca33826a3805997b1882,2020-04,City of London Police,City of London Police,-0.073065,51.511180,On or near GOODMAN'S YARD,E01000005,City of London 001E,Suspect charged
6dbda873bade90381b1e564e57fa8451b95d1bf6430cc2f25993a3deacf5d110,2020-04,City of London Police,City of London Police,-0.077694,51.513171,On or near ALDGATE,E01032739,City of London 001F,Suspect charged
d584ecc409e47e4fcf6ea6c4b48a911a23d11b24557e7c9d9c7b3868c5132188,2020-04,City of London Police,City of London Police,-0.094628,51.514203,On or near CHEAPSIDE,E01032739,City of London 001F,Offender given a caution
aafc90512d1e44f836a8196f088e9e89762714331721e8689b4ff5736f019b53,2020-04,City of London Police,City of London Police,-0.104300,51.511761,On or near Pedestrian Subway,E01032740,City of London 001G,Offender given penalty notice
dc24480f17505b0fbdb2a40c9f0e2e7ad1eb1e7bf23c5f242a8c62853488f69f,2020-04,City of London Police,City of London Police,-0.104001,51.513051,On or near APOTHECARY STREET,E01032739,City of London 001F,Offender given a drugs possession warning
003b0490f9c7e9507a61460c35d279fc691acf1241c34e5aa8bb87094df5526a,2020-04,City of London Police,City of London Police,-0.091258,51.514157,On or near FREDERICK'S PLACE,E01032739,City of London 001F,Suspect charged
0eeece876ed5b79130c21f5b90055608f72af51f8f0299e02819f520e0b09be9,2020-04,City of London Police,City of London Police,-0.084284,51.510671,On or near EASTCHEAP,E01032739,City of London 001F,Offender given a caution
031b2eabd48e01e8a131803052a2ac17e7006d3c09415a5ac325c513873d699c,2020-04,City of London Police,City of London Police,-0.081620,51.516814,On or near ALDERMAN'S WALK,E01032739,City of London 001F,Suspect charged
9af2b5762f9323dc12812469ddc1ae64fabdec8a2fae97a3379e16f4ab2b67aa,2020-04,City of London Police,City of London Police,-0.087118,51.513199,On or near Nightclub,E01032739,City of London 001F,Suspect charged
bcb040e2a1e2ccb89486223c44cdc17226e01078c57fb5c1492615ff1c171486,2020-04,City of London Police,City of London Police,-0.081620,51.516814,On or near ALDERMAN'S WALK,E01032739,City of London 001F,Suspect charged
2c07076e7662f1c38d8a64df8e300c6a8f5d2e88da5fb74a49dbbf381351f4bf,2020-04,City of London Police,City of London Police,-0.102794,51.515037,On or near Parking Area,E01032740,City of London 001G,Offender given penalty notice
2cce6aa482bf0704b471d746e140a45de5ff824035f3e746679d59c911d73485,2020-04,City of London Police,City of London Police,-0.079162,51.514940,On or near BEVIS MARKS,E01032739,City of London 001F,Suspect charged
d7de3069f619641336fc8610d7f6f7468820a52f599a9d1933034979b8fc5c95,2020-04,City of London Police,City of London Police,-0.081620,51.516814,On or near ALDERMAN'S WALK,E01032739,City of London 001F,Suspect charged
2b19ddb69d93ba80f623a8161a8f93321964d8df9667361cab1c52ea2a323836,2020-04,City of London Police,City of London Police,-0.077655,51.514088,On or near Pedestrian Subway,E01032739,City of London 001F,Suspect charged
5b5dd97bd5a88cad0d4dda90984bbe0338eb6491af57526b6b4d04def9122418,2020-04,City of London Police,City of London Police,-0.081620,51.516814,On or near ALDERMAN'S WALK,E01032739,City of London 001F,Suspect charged
5b5dd97bd5a88cad0d4dda90984bbe0338eb6491af57526b6b4d04def9122418,2020-04,City of London Police,City of London Police,-0.081620,51.516814,On or near ALDERMAN'S WALK,E01032739,City of London 001F,Suspect charged
ba8d4cac41fe1c2a7ad1b74cb9d44ccfe42118674abd6a01a222a321880ec84e,2020-04,City of London Police,City of London Police,,,No location,,,Suspect charged
e61d067f04cf66f170f7c649dc9c907be6bd7e4649e6507c0864cf2eaf8c9969,2020-04,City of London Police,City of London Police,-0.084967,51.512598,On or near BELL INN YARD,E01032739,City of London 001F,Suspect charged
1f04521b8291192ffbf5e21d7d2c73baa059b195c3349f9dd5ba387a96f2743d,2020-04,City of London Police,City of London Police,-0.084983,51.510494,On or near Supermarket,E01032739,City of London 001F,Offender given a caution
38fae10facf8be01d5d5dcbf1808042e25efce7c8c0b47d32e80a6f1dbab4d3f,2020-04,City of London Police,City of London Police,-0.081580,51.520510,On or near PINDAR STREET,E01032739,City of London 001F,Suspect charged
746ec704316ac10200800f01b4d9ebb6eb281dfde497e4e7eec0c7a714dc6074,2020-04,City of London Police,City of London Police,-0.089698,51.511812,On or near OXFORD COURT,E01032739,City of London 001F,Suspect charged
e3d2a138a7be94b18a97a026e03d0046b248131c1cff0f7e52e87faf312e418c,2020-04,City of London Police,City of London Police,-0.102748,51.522734,On or near ALBEMARLE WAY,E01002724,Islington 022D,Suspect charged
04e51ca037079dec1f59ffae2baeec5fc0e89079f2c2fb44fec25cc50bc86f1c,2020-04,City of London Police,City of London Police,-0.080478,51.527164,On or near Nightclub,E01033708,Hackney 027G,Offender given a caution
a51e085fb673abdb0638cf5c456fcde608885f6b43af2b6149334436dc95d876,2020-04,City of London Police,City of London Police,-0.081912,51.516370,On or near Conference/Exhibition Centre,E01032739,City of London 001F,Offender given penalty notice
