Type,Date,Part of a policing operation,Policing operation,Latitude,Longitude,Gender,Age range,Self-defined ethnicity,Officer-defined ethnicity,Legislation,Object of search,Outcome,Outcome linked to object of search,Removal of more than just outer clothing
Person search,2021-02-01T03:00:00+00:00,,,51.574509,-2.987704,Male,over 34,Black/African/Caribbean/Black British - Any other Black/African/Caribbean background,,Police and Criminal Evidence Act 1984 (section 1),Article for use in theft,A no further action disposal,,
Person search,2021-02-01T03:00:00+00:00,,,51.574509,-2.987704,Male,over 34,Black/African/Caribbean/Black British - Any other Black/African/Caribbean background,,Police and Criminal Evidence Act 1984 (section 1),Stolen goods,A no further action disposal,,
Person search,2021-02-01T03:00:00+00:00,,,51.574509,-2.987704,Male,over 34,Black/African/Caribbean/Black British - Any other Black/African/Caribbean background,,Police and Criminal Evidence Act 1984 (section 1),,A no further action disposal,,
Person search,2021-02-01T04:00:00+00:00,,,51.667157,-3.017423,Male,18-24,White - English/Welsh/Scottish/Northern Irish/British,,Misuse of Drugs Act 1971 (section 23),,A no further action disposal,,
Person search,2021-02-01T12:00:00+00:00,,,51.575829,-2.983664,Male,over 34,White - English/Welsh/Scottish/Northern Irish/British,,Misuse of Drugs Act 1971 (section 23),,A no further action disposal,,
Person search,2021-02-01T12:00:00+00:00,,,51.575829,-2.983664,Male,25-34,White - English/Welsh/Scottish/Northern Irish/British,,Misuse of Drugs Act 1971 (section 23),,,,
Person search,2021-02-01T23:44:00+00:00,,,51.589736,-2.977627,Male,25-34,Mixed/Multiple ethnic groups - White and Black Caribbean,,Misuse of Drugs Act 1971 (section 23),,A no further action disposal,,
Person search,2021-02-02T03:00:00+00:00,,,51.591579,-3.181888,Male,18-24,White - English/Welsh/Scottish/Northern Irish/British,,Police and Criminal Evidence Act 1984 (section 1),,A no further action disposal,,
Person search,2021-02-02T12:00:00+00:00,,,51.580249,-2.990614,Male,10-17,,,Misuse of Drugs Act 1971 (section 23),,A no further action disposal,,
Person search,2021-02-02T12:08:00+00:00,,,51.610177,-3.028741,Male,25-34,White - English/Welsh/Scottish/Northern Irish/British,,Misuse of Drugs Act 1971 (section 23),,A no further action disposal,,
Person search,2021-02-02T17:00:00+00:00,,,51.664248,-3.254020,Male,25-34,White - English/Welsh/Scottish/Northern Irish/British,,Police and Criminal Evidence Act 1984 (section 1),,,,
Vehicle search,2021-02-02T17:00:00+00:00,,,51.664248,-3.254020,,,,,Police and Criminal Evidence Act 1984 (section 1),,,,
Person search,2021-02-02T18:54:00+00:00,,,51.824979,-3.018959,Male,10-17,White - English/Welsh/Scottish/Northern Irish/British,,Police and Criminal Evidence Act 1984 (section 1),,A no further action disposal,,
Vehicle search,2021-02-02T20:00:00+00:00,,,51.587806,-3.000738,,,,,Misuse of Drugs Act 1971 (section 23),,A no further action disposal,,
Person search,2021-02-02T20:00:00+00:00,,,51.587806,-3.000738,Male,over 34,White - English/Welsh/Scottish/Northern Irish/British,,Misuse of Drugs Act 1971 (section 23),,A no further action disposal,,
Person search,2021-02-02T21:00:00+00:00,,,51.480913,-3.181286,Male,10-17,Black/African/Caribbean/Black British - African,,Police and Criminal Evidence Act 1984 (section 1),,A no further action disposal,,
Person search,2021-02-02T22:00:00+00:00,,,51.587481,-2.762654,Male,18-24,White - English/Welsh/Scottish/Northern Irish/British,,Misuse of Drugs Act 1971 (section 23),,A no further action disposal,,
Person search,2021-02-03T00:33:00+00:00,,,51.581786,-2.987372,Male,18-24,White - English/Welsh/Scottish/Northern Irish/British,,Misuse of Drugs Act 1971 (section 23),,A no further action disposal,,
Person search,2021-02-03T00:49:00+00:00,,,51.574247,-2.991133,Male,over 34,Black/African/Caribbean/Black British - African,,Police and Criminal Evidence Act 1984 (section 1),,A no further action disposal,,
Person search,2021-02-03T01:00:00+00:00,,,51.776792,-3.238252,Male,25-34,White - English/Welsh/Scottish/Northern Irish/British,,Misuse of Drugs Act 1971 (section 23),,,,
Person search,2021-02-03T09:00:00+00:00,,,51.648010,-3.291210,Male,25-34,White - English/Welsh/Scottish/Northern Irish/British,,Misuse of Drugs Act 1971 (section 23),,,,
Person search,2021-02-03T09:00:00+00:00,,,51.648010,-3.291210,Male,25-34,White - English/Welsh/Scottish/Northern Irish/British,,Misuse of Drugs Act 1971 (section 23),,,,
Person search,2021-02-03T13:00:00+00:00,,,51.753843,-3.279623,Male,over 34,White - English/Welsh/Scottish/Northern Irish/British,,Misuse of Drugs Act 1971 (section 23),,A no further action disposal,,
Vehicle search,2021-02-03T13:00:00+00:00,,,51.753843,-3.279623,,,,,Misuse of Drugs Act 1971 (section 23),,,,
Person search,2021-02-03T13:00:00+00:00,,,51.753843,-3.279623,Male,over 34,White - English/Welsh/Scottish/Northern Irish/British,,Misuse of Drugs Act 1971 (section 23),,,,
Person search,2021-02-03T14:00:00+00:00,,,51.575551,-2.987886,Male,25-34,Other ethnic group - Not stated,,Misuse of Drugs Act 1971 (section 23),,,,
Person search,2021-02-03T14:27:00+00:00,,,51.578321,-2.992073,Male,10-17,Mixed/Multiple ethnic groups - Any other Mixed/Multiple ethnic background,,Misuse of Drugs Act 1971 (section 23),,A no further action disposal,,
Person search,2021-02-03T14:35:00+00:00,,,51.579214,-2.990649,Male,10-17,Mixed/Multiple ethnic groups - White and Black Caribbean,,Misuse of Drugs Act 1971 (section 23),,A no further action disposal,,
Person search,2021-02-03T15:00:00+00:00,,,51.768822,-2.837630,Male,over 34,White - English/Welsh/Scottish/Northern Irish/British,,Misuse of Drugs Act 1971 (section 23),,A no further action disposal,,
Person search,2021-02-03T15:00:00+00:00,,,51.768822,-2.837630,Male,over 34,White - English/Welsh/Scottish/Northern Irish/British,,Misuse of Drugs Act 1971 (section 23),,A no further action disposal,,
Person search,2021-02-03T16:00:00+00:00,,,51.579214,-2.990649,Male,25-34,White - English/Welsh/Scottish/Northern Irish/British,,Misuse of Drugs Act 1971 (section 23),,,,
Person search,2021-02-03T16:08:00+00:00,,,51.580353,-2.985681,Male,,Other ethnic group - Not stated,,Misuse of Drugs Act 1971 (section 23),,A no further action disposal,,
Person search,2021-02-04T00:00:00+00:00,,,51.580353,-2.985681,Male,25-34,White - English/Welsh/Scottish/Northern Irish/British,,Misuse of Drugs Act 1971 (section 23),,A no further action disposal,,
Person search,2021-02-04T02:00:00+00:00,,,51.580353,-2.985681,Male,25-34,Black/African/Caribbean/Black British - African,,Police and Criminal Evidence Act 1984 (section 1),,A no further action disposal,,
Person search,2021-02-04T06:00:00+00:00,,,51.581765,-2.993072,,over 34,Asian/Asian British - Any other Asian background,,Police and Criminal Evidence Act 1984 (section 1),Stolen goods,A no further action disposal,,
Vehicle search,2021-02-04T13:59:00+00:00,,,51.589804,-2.985611,,,,,Misuse of Drugs Act 1971 (section 23),,,,
Person search,2021-02-04T13:59:00+00:00,,,51.589804,-2.985611,Male,18-24,White - English/Welsh/Scottish/Northern Irish/British,,Misuse of Drugs Act 1971 (section 23),,,,
Person search,2021-02-04T21:00:00+00:00,,,51.800073,-3.174166,Male,over 34,White - English/Welsh/Scottish/Northern Irish/British,,Police and Criminal Evidence Act 1984 (section 1),Article for use in theft,,,
Person search,2021-02-04T21:00:00+00:00,,,51.800073,-3.174166,Male,over 34,White - English/Welsh/Scottish/Northern Irish/British,,Police and Criminal Evidence Act 1984 (section 1),,,,
Person search,2021-02-04T23:00:00+00:00,,,51.570463,-3.225162,Male,25-34,White - English/Welsh/Scottish/Northern Irish/British,,Misuse of Drugs Act 1971 (section 23),,,,
Person search,2021-02-05T01:00:00+00:00,,,51.591099,-2.989854,Female,over 34,White - English/Welsh/Scottish/Northern Irish/British,,Misuse of Drugs Act 1971 (section 23),,A no further action disposal,,
Person search,2021-02-05T06:00:00+00:00,,,51.590292,-2.989606,Male,18-24,White - English/Welsh/Scottish/Northern Irish/British,,Misuse of Drugs Act 1971 (section 23),,,,
Person search,2021-02-05T08:00:00+00:00,,,51.632547,-3.127759,Male,18-24,,,Misuse of Drugs Act 1971 (section 23),,A no further action disposal,,
Person search,2021-02-05T10:13:00+00:00,,,51.580123,-2.991607,Male,18-24,Asian/Asian British - Pakistani,,Misuse of Drugs Act 1971 (section 23),,A no further action disposal,,
Person search,2021-02-05T12:00:00+00:00,,,51.579214,-2.990649,Male,18-24,Mixed/Multiple ethnic groups - Any other Mixed/Multiple ethnic background,,Misuse of Drugs Act 1971 (section 23),,A no further action disposal,,
Person search,2021-02-05T14:00:00+00:00,,,51.578656,-2.989613,Male,18-24,Asian/Asian British - Pakistani,,Firearms Act 1968 (section 47),Offensive weapons,A no further action disposal,,
Person search,2021-02-05T14:00:00+00:00,,,51.578321,-2.992073,Male,18-24,White - English/Welsh/Scottish/Northern Irish/British,,Police and Criminal Evidence Act 1984 (section 1),Offensive weapons,A no further action disposal,,
Person search,2021-02-05T15:00:00+00:00,,,51.580123,-2.991607,Male,25-34,Mixed/Multiple ethnic groups - Any other Mixed/Multiple ethnic background,,Police and Criminal Evidence Act 1984 (section 1),Offensive weapons,,,
Person search,2021-02-05T15:38:00+00:00,,,51.579039,-2.994383,Male,over 34,White - English/Welsh/Scottish/Northern Irish/British,,Misuse of Drugs Act 1971 (section 23),,A no further action disposal,,
Person search,2021-02-05T16:09:00+00:00,,,51.580353,-2.985681,Male,25-34,White - English/Welsh/Scottish/Northern Irish/British,,Misuse of Drugs Act 1971 (section 23),,A no further action disposal,,
Person search,2021-02-05T17:00:00+00:00,,,51.709300,-3.051121,Male,18-24,,,Misuse of Drugs Act 1971 (section 23),,Penalty Notice for Disorder,,
Person search,2021-02-05T21:00:00+00:00,,,51.801330,-3.171617,Male,25-34,White - English/Welsh/Scottish/Northern Irish/British,,Misuse of Drugs Act 1971 (section 23),,A no further action disposal,,
Person search,2021-02-05T23:00:00+00:00,,,51.665586,-3.039655,Male,18-24,White - English/Welsh/Scottish/Northern Irish/British,,Misuse of Drugs Act 1971 (section 23),,A no further action disposal,,
Person search,2021-02-05T23:00:00+00:00,,,51.664578,-3.033632,Male,25-34,White - English/Welsh/Scottish/Northern Irish/British,,Misuse of Drugs Act 1971 (section 23),,,,
Person search,2021-02-06T00:00:00+00:00,,,51.751779,-3.274335,Female,18-24,White - English/Welsh/Scottish/Northern Irish/British,,Misuse of Drugs Act 1971 (section 23),,A no further action disposal,,
Person search,2021-02-06T01:00:00+00:00,,,51.573820,-2.960330,Male,18-24,Mixed/Multiple ethnic groups - White and Black Caribbean,,Misuse of Drugs Act 1971 (section 23),,A no further action disposal,,
Person search,2021-02-06T01:00:00+00:00,,,51.580353,-2.985681,Male,over 34,White - English/Welsh/Scottish/Northern Irish/British,,Misuse of Drugs Act 1971 (section 23),,A no further action disposal,,
Person search,2021-02-06T07:00:00+00:00,,,51.611845,-3.028274,Female,25-34,White - English/Welsh/Scottish/Northern Irish/British,,Misuse of Drugs Act 1971 (section 23),,A no further action disposal,,
Person search,2021-02-06T07:58:00+00:00,,,51.581765,-2.993072,Male,over 34,White - English/Welsh/Scottish/Northern Irish/British,,Misuse of Drugs Act 1971 (section 23),,,,
Person search,2021-02-06T11:00:00+00:00,,,51.640406,-2.677530,Male,18-24,White - English/Welsh/Scottish/Northern Irish/British,,Misuse of Drugs Act 1971 (section 23),,A no further action disposal,,
Vehicle search,2021-02-06T11:00:00+00:00,,,51.640406,-2.677530,,,,,Misuse of Drugs Act 1971 (section 23),,,,
Person search,2021-02-06T11:00:00+00:00,,,51.640406,-2.677530,Male,18-24,White - English/Welsh/Scottish/Northern Irish/British,,Misuse of Drugs Act 1971 (section 23),,,,
Person search,2021-02-06T17:00:00+00:00,,,51.621491,-3.126430,Male,25-34,,,Police and Criminal Evidence Act 1984 (section 1),Offensive weapons,A no further action disposal,,
Person search,2021-02-06T17:00:00+00:00,,,51.577298,-3.214695,Male,18-24,White - English/Welsh/Scottish/Northern Irish/British,,Police and Criminal Evidence Act 1984 (section 1),Stolen goods,A no further action disposal,,
Person search,2021-02-06T19:00:00+00:00,,,51.592919,-3.227383,Male,18-24,White - English/Welsh/Scottish/Northern Irish/British,,Misuse of Drugs Act 1971 (section 23),,,,
Person search,2021-02-06T20:00:00+00:00,,,51.583844,-2.714892,Male,18-24,White - English/Welsh/Scottish/Northern Irish/British,,Misuse of Drugs Act 1971 (section 23),,,,
Person search,2021-02-06T21:00:00+00:00,,,51.589977,-2.997033,Female,25-34,White - English/Welsh/Scottish/Northern Irish/British,,Misuse of Drugs Act 1971 (section 23),,,,
Vehicle search,2021-02-06T21:00:00+00:00,,,51.589977,-2.997033,,,,,Misuse of Drugs Act 1971 (section 23),,A no further action disposal,,
Person search,2021-02-06T21:00:00+00:00,,,51.589977,-2.997033,Male,25-34,White - English/Welsh/Scottish/Northern Irish/British,,Misuse of Drugs Act 1971 (section 23),,A no further action disposal,,
Person search,2021-02-06T22:00:00+00:00,,,51.734751,-3.179394,Male,18-24,,,Misuse of Drugs Act 1971 (section 23),,,,
Person search,2021-02-06T22:00:00+00:00,,,51.681835,-3.166837,Female,18-24,,,Misuse of Drugs Act 1971 (section 23),,A no further action disposal,,
Person search,2021-02-06T22:00:00+00:00,,,51.734751,-3.179394,Male,18-24,,,Misuse of Drugs Act 1971 (section 23),,A no further action disposal,,
Person search,2021-02-06T22:00:00+00:00,,,51.681835,-3.166837,Female,18-24,,,Misuse of Drugs Act 1971 (section 23),,,,
Person search,2021-02-06T23:00:00+00:00,,,51.621491,-3.126430,Male,25-34,White - English/Welsh/Scottish/Northern Irish/British,,Police and Criminal Evidence Act 1984 (section 1),Offensive weapons,A no further action disposal,,
Person search,2021-02-06T23:00:00+00:00,,,51.621491,-3.126430,Male,25-34,White - English/Welsh/Scottish/Northern Irish/British,,Police and Criminal Evidence Act 1984 (section 1),Offensive weapons,A no further action disposal,,
Person search,2021-02-07T02:00:00+00:00,,,51.765195,-3.232993,Male,18-24,White - Any other White background,,Police and Criminal Evidence Act 1984 (section 1),,A no further action disposal,,
Person search,2021-02-07T02:00:00+00:00,,,51.764319,-3.230737,Male,18-24,White - Any other White background,,Police and Criminal Evidence Act 1984 (section 1),,A no further action disposal,,
Person search,2021-02-07T02:00:00+00:00,,,51.764319,-3.230737,Female,18-24,White - English/Welsh/Scottish/Northern Irish/British,,Firearms Act 1968 (section 47),,A no further action disposal,,
Vehicle search,2021-02-07T02:00:00+00:00,,,51.764319,-3.230737,,,,,Police and Criminal Evidence Act 1984 (section 1),,A no further action disposal,,
Vehicle search,2021-02-07T09:00:00+00:00,,,51.661270,-3.206082,,,,,Misuse of Drugs Act 1971 (section 23),,Penalty Notice for Disorder,,
Person search,2021-02-07T09:00:00+00:00,,,51.661270,-3.206082,Male,over 34,White - English/Welsh/Scottish/Northern Irish/British,,Misuse of Drugs Act 1971 (section 23),,,,
Person search,2021-02-07T09:00:00+00:00,,,51.661270,-3.206082,,,,,Misuse of Drugs Act 1971 (section 23),,Penalty Notice for Disorder,,
Person search,2021-02-07T10:45:00+00:00,,,51.586401,-2.940042,Male,18-24,White - English/Welsh/Scottish/Northern Irish/British,,Misuse of Drugs Act 1971 (section 23),,A no further action disposal,,
Person search,2021-02-07T14:00:00+00:00,,,51.588640,-2.972118,Male,18-24,White - English/Welsh/Scottish/Northern Irish/British,,Police and Criminal Evidence Act 1984 (section 1),,A no further action disposal,,
Person search,2021-02-07T20:00:00+00:00,,,51.575970,-3.225656,Male,25-34,White - English/Welsh/Scottish/Northern Irish/British,,Police and Criminal Evidence Act 1984 (section 1),Article for use in theft,A no further action disposal,,
Person search,2021-02-07T20:00:00+00:00,,,51.575970,-3.225656,Male,25-34,White - English/Welsh/Scottish/Northern Irish/British,,Police and Criminal Evidence Act 1984 (section 1),,A no further action disposal,,
Person search,2021-02-07T20:00:00+00:00,,,51.582673,-2.810677,Male,over 34,Other ethnic group - Not stated,,Police and Criminal Evidence Act 1984 (section 1),Article for use in theft,A no further action disposal,,
Person search,2021-02-07T20:00:00+00:00,,,51.573902,-3.224706,Male,over 34,White - English/Welsh/Scottish/Northern Irish/British,,Police and Criminal Evidence Act 1984 (section 1),,A no further action disposal,,
Person search,2021-02-07T20:00:00+00:00,,,51.552316,-3.360717,Male,25-34,White - English/Welsh/Scottish/Northern Irish/British,,Police and Criminal Evidence Act 1984 (section 1),Stolen goods,A no further action disposal,,
Person search,2021-02-07T21:00:00+00:00,,,51.663115,-3.146678,Male,25-34,White - English/Welsh/Scottish/Northern Irish/British,,Misuse of Drugs Act 1971 (section 23),,,,
Person search,2021-02-07T21:00:00+00:00,,,51.648840,-3.135217,Female,25-34,White - English/Welsh/Scottish/Northern Irish/British,,Misuse of Drugs Act 1971 (section 23),,,,
Person search,2021-02-08T01:00:00+00:00,,,51.591136,-2.982204,Male,,Other ethnic group - Not stated,,Misuse of Drugs Act 1971 (section 23),,A no further action disposal,,
Vehicle search,2021-02-08T01:00:00+00:00,,,51.588516,-2.974050,,,,,Misuse of Drugs Act 1971 (section 23),,A no further action disposal,,
Vehicle search,2021-02-08T01:00:00+00:00,,,51.587676,-2.974523,,,,,Misuse of Drugs Act 1971 (section 23),,,,
Vehicle search,2021-02-08T01:00:00+00:00,,,51.587676,-2.974523,,,,,Misuse of Drugs Act 1971 (section 23),,A no further action disposal,,
Person search,2021-02-08T01:00:00+00:00,,,51.591136,-2.982204,Male,18-24,Other ethnic group - Not stated,,Misuse of Drugs Act 1971 (section 23),,,,
Person search,2021-02-08T01:00:00+00:00,,,51.582882,-3.002420,Male,18-24,Mixed/Multiple ethnic groups - Any other Mixed/Multiple ethnic background,,Misuse of Drugs Act 1971 (section 23),,A no further action disposal,,
Person search,2021-02-08T01:00:00+00:00,,,51.582882,-3.002420,Male,18-24,Black/African/Caribbean/Black British - African,,Misuse of Drugs Act 1971 (section 23),,A no further action disposal,,
Person search,2021-02-08T01:00:00+00:00,,,51.587676,-2.974523,Male,18-24,Asian/Asian British - Bangladeshi,,Misuse of Drugs Act 1971 (section 23),,,,
Vehicle search,2021-02-08T01:00:00+00:00,,,51.582882,-3.002420,,,,,Misuse of Drugs Act 1971 (section 23),,A no further action disposal,,
Person search,2021-02-08T01:22:00+00:00,,,51.588516,-2.974050,Male,18-24,Asian/Asian British - Bangladeshi,,Misuse of Drugs Act 1971 (section 23),,,,
Person search,2021-02-08T02:00:00+00:00,,,51.591136,-2.982204,Female,18-24,White - English/Welsh/Scottish/Northern Irish/British,,Misuse of Drugs Act 1971 (section 23),,A no further action disposal,,
Person search,2021-02-08T02:00:00+00:00,,,51.591136,-2.982204,Female,18-24,White - English/Welsh/Scottish/Northern Irish/British,,Misuse of Drugs Act 1971 (section 23),,A no further action disposal,,
Person search,2021-02-08T13:00:00+00:00,,,51.576814,-2.988447,Male,over 34,White - English/Welsh/Scottish/Northern Irish/British,,Police and Criminal Evidence Act 1984 (section 1),Offensive weapons,A no further action disposal,,
Person search,2021-02-08T13:00:00+00:00,,,51.575551,-2.987886,Male,25-34,Mixed/Multiple ethnic groups - White and Black African,,Police and Criminal Evidence Act 1984 (section 1),Offensive weapons,A no further action disposal,,
Person search,2021-02-08T13:00:00+00:00,,,51.637511,-3.236664,Male,25-34,White - English/Welsh/Scottish/Northern Irish/British,,Misuse of Drugs Act 1971 (section 23),,A no further action disposal,,
Person search,2021-02-08T13:00:00+00:00,,,51.575551,-2.987886,Male,25-34,Mixed/Multiple ethnic groups - White and Black African,,Police and Criminal Evidence Act 1984 (section 1),,A no further action disposal,,
Person search,2021-02-08T13:27:00+00:00,,,51.577069,-2.989145,Male,over 34,White - English/Welsh/Scottish/Northern Irish/British,,Police and Criminal Evidence Act 1984 (section 1),Offensive weapons,A no further action disposal,,
Person search,2021-02-08T14:00:00+00:00,,,51.580123,-2.991607,Female,25-34,White - English/Welsh/Scottish/Northern Irish/British,,Misuse of Drugs Act 1971 (section 23),,A no further action disposal,,
Person search,2021-02-08T14:35:00+00:00,,,51.577069,-2.989145,Male,over 34,Mixed/Multiple ethnic groups - White and Black Caribbean,,Police and Criminal Evidence Act 1984 (section 1),,A no further action disposal,,
Person search,2021-02-08T14:47:00+00:00,,,51.574247,-2.991133,Male,18-24,Asian/Asian British - Any other Asian background,,Misuse of Drugs Act 1971 (section 23),,Penalty Notice for Disorder,,
Person search,2021-02-08T17:00:00+00:00,,,51.597828,-2.997898,Male,10-17,White - English/Welsh/Scottish/Northern Irish/British,,Police and Criminal Evidence Act 1984 (section 1),,A no further action disposal,,
Person search,2021-02-08T17:00:00+00:00,,,51.580123,-2.991607,Male,25-34,White - English/Welsh/Scottish/Northern Irish/British,,Misuse of Drugs Act 1971 (section 23),,A no further action disposal,,
Person search,2021-02-08T17:00:00+00:00,,,51.580123,-2.991607,Male,25-34,White - English/Welsh/Scottish/Northern Irish/British,,Misuse of Drugs Act 1971 (section 23),,A no further action disposal,,
Person search,2021-02-08T18:00:00+00:00,,,51.617605,-3.130364,Male,10-17,,,Police and Criminal Evidence Act 1984 (section 1),Stolen goods,A no further action disposal,,
Person search,2021-02-08T18:00:00+00:00,,,51.617605,-3.130364,Male,10-17,,,Police and Criminal Evidence Act 1984 (section 1),,A no further action disposal,,
Person search,2021-02-08T19:00:00+00:00,,,51.578656,-2.989613,Male,over 34,White - English/Welsh/Scottish/Northern Irish/British,,Misuse of Drugs Act 1971 (section 23),,A no further action disposal,,
Person search,2021-02-08T19:00:00+00:00,,,51.580123,-2.991607,Male,25-34,White - English/Welsh/Scottish/Northern Irish/British,,Police and Criminal Evidence Act 1984 (section 1),,A no further action disposal,,
Person search,2021-02-08T19:00:00+00:00,,,51.580353,-2.985681,Male,10-17,Asian/Asian British - Any other Asian background,,Police and Criminal Evidence Act 1984 (section 1),Offensive weapons,A no further action disposal,,
Person search,2021-02-08T19:00:00+00:00,,,51.782553,-3.248731,Male,18-24,White - English/Welsh/Scottish/Northern Irish/British,,Misuse of Drugs Act 1971 (section 23),,A no further action disposal,,
Person search,2021-02-08T21:00:00+00:00,,,51.687673,-3.243745,Male,18-24,Black/African/Caribbean/Black British - African,,Misuse of Drugs Act 1971 (section 23),,,,
Person search,2021-02-08T21:00:00+00:00,,,51.687673,-3.243745,Male,18-24,White - English/Welsh/Scottish/Northern Irish/British,,Misuse of Drugs Act 1971 (section 23),,A no further action disposal,,
Person search,2021-02-08T22:00:00+00:00,,,51.603798,-2.978752,Male,18-24,White - English/Welsh/Scottish/Northern Irish/British,,Police and Criminal Evidence Act 1984 (section 1),,A no further action disposal,,
Vehicle search,2021-02-08T22:00:00+00:00,,,51.603798,-2.978752,,,,,Police and Criminal Evidence Act 1984 (section 1),Offensive weapons,A no further action disposal,,
Person search,2021-02-08T22:00:00+00:00,,,51.603798,-2.978752,Male,18-24,White - English/Welsh/Scottish/Northern Irish/British,,Police and Criminal Evidence Act 1984 (section 1),Offensive weapons,A no further action disposal,,
Person search,2021-02-08T22:41:00+00:00,,,51.578656,-2.989613,Male,25-34,White - English/Welsh/Scottish/Northern Irish/British,,Police and Criminal Evidence Act 1984 (section 1),,A no further action disposal,,
Person search,2021-02-09T00:00:00+00:00,,,51.581765,-2.993072,Male,over 34,,,Police and Criminal Evidence Act 1984 (section 1),,A no further action disposal,,
Person search,2021-02-09T00:00:00+00:00,,,51.581765,-2.993072,Male,over 34,,,Police and Criminal Evidence Act 1984 (section 1),Stolen goods,A no further action disposal,,
Vehicle search,2021-02-09T02:00:00+00:00,,,51.611776,-2.715634,,,,,Misuse of Drugs Act 1971 (section 23),,,,
Person search,2021-02-09T02:00:00+00:00,,,51.611776,-2.715634,Male,25-34,White - English/Welsh/Scottish/Northern Irish/British,,Misuse of Drugs Act 1971 (section 23),,,,
Vehicle search,2021-02-09T03:00:00+00:00,,,51.759630,-3.285728,,,,,Misuse of Drugs Act 1971 (section 23),,,,
Person search,2021-02-09T03:00:00+00:00,,,51.759630,-3.285728,Female,over 34,White - English/Welsh/Scottish/Northern Irish/British,,Misuse of Drugs Act 1971 (section 23),,A no further action disposal,,
Person search,2021-02-09T05:00:00+00:00,,,51.580249,-2.990614,Male,over 34,Other ethnic group - Not stated,,Police and Criminal Evidence Act 1984 (section 1),,A no further action disposal,,
Person search,2021-02-09T07:00:00+00:00,,,51.662225,-3.010619,Male,18-24,,,Police and Criminal Evidence Act 1984 (section 1),,A no further action disposal,,
Person search,2021-02-09T07:00:00+00:00,,,51.662225,-3.010619,Male,18-24,,,Police and Criminal Evidence Act 1984 (section 1),Article for use in theft,A no further action disposal,,
Person search,2021-02-09T12:00:00+00:00,,,51.775052,-3.076245,Male,18-24,White - English/Welsh/Scottish/Northern Irish/British,,Misuse of Drugs Act 1971 (section 23),,A no further action disposal,,
Person search,2021-02-09T13:00:00+00:00,,,51.752570,-3.274299,Male,18-24,Mixed/Multiple ethnic groups - Any other Mixed/Multiple ethnic background,,Police and Criminal Evidence Act 1984 (section 1),,,,
Person search,2021-02-09T14:00:00+00:00,,,51.575604,-2.991220,Male,18-24,White - English/Welsh/Scottish/Northern Irish/British,,Misuse of Drugs Act 1971 (section 23),,A no further action disposal,,
Person search,2021-02-09T14:00:00+00:00,,,51.575604,-2.991220,Male,,Other ethnic group - Not stated,,Misuse of Drugs Act 1971 (section 23),,A no further action disposal,,
Person search,2021-02-09T16:00:00+00:00,,,51.752570,-3.274299,Male,18-24,White - English/Welsh/Scottish/Northern Irish/British,,Misuse of Drugs Act 1971 (section 23),,,,
Person search,2021-02-09T16:00:00+00:00,,,51.515892,-3.055871,Male,18-24,White - English/Welsh/Scottish/Northern Irish/British,,Misuse of Drugs Act 1971 (section 23),,A no further action disposal,,
Person search,2021-02-09T16:00:00+00:00,,,51.515892,-3.055871,Male,10-17,White - English/Welsh/Scottish/Northern Irish/British,,Misuse of Drugs Act 1971 (section 23),,A no further action disposal,,
Person search,2021-02-09T18:00:00+00:00,,,,,Male,25-34,White - English/Welsh/Scottish/Northern Irish/British,,Misuse of Drugs Act 1971 (section 23),,A no further action disposal,,
Person search,2021-02-09T21:00:00+00:00,,,51.578656,-2.989613,Male,25-34,Mixed/Multiple ethnic groups - White and Black Caribbean,,Police and Criminal Evidence Act 1984 (section 1),,A no further action disposal,,
Person search,2021-02-10T00:00:00+00:00,,,,,Male,over 34,White - English/Welsh/Scottish/Northern Irish/British,,Misuse of Drugs Act 1971 (section 23),,A no further action disposal,,
Vehicle search,2021-02-10T01:00:00+00:00,,,51.758032,-3.281393,,,,,Misuse of Drugs Act 1971 (section 23),,A no further action disposal,,
Person search,2021-02-10T01:00:00+00:00,,,51.758032,-3.281393,Male,25-34,Asian/Asian British - Pakistani,,Misuse of Drugs Act 1971 (section 23),,A no further action disposal,,
Person search,2021-02-10T02:00:00+00:00,,,51.736734,-3.178895,Male,18-24,,,Police and Criminal Evidence Act 1984 (section 1),,A no further action disposal,,
Person search,2021-02-10T05:00:00+00:00,,,,,Male,18-24,White - English/Welsh/Scottish/Northern Irish/British,,Misuse of Drugs Act 1971 (section 23),,A no further action disposal,,
Person search,2021-02-10T10:00:00+00:00,,,,,Male,18-24,Asian/Asian British - Pakistani,,Police and Criminal Evidence Act 1984 (section 1),,A no further action disposal,,
Person search,2021-02-10T11:00:00+00:00,,,51.577902,-2.988485,Male,25-34,Other ethnic group - Any other ethnic group,,Police and Criminal Evidence Act 1984 (section 1),Stolen goods,,,
Vehicle search,2021-02-10T13:00:00+00:00,,,51.701628,-3.041320,,,,,Misuse of Drugs Act 1971 (section 23),,,,
Person search,2021-02-10T13:00:00+00:00,,,51.701628,-3.041320,Male,18-24,White - English/Welsh/Scottish/Northern Irish/British,,Misuse of Drugs Act 1971 (section 23),,,,
Person search,2021-02-10T14:00:00+00:00,,,,,Male,25-34,Mixed/Multiple ethnic groups - Any other Mixed/Multiple ethnic background,,Police and Criminal Evidence Act 1984 (section 1),,A no further action disposal,,
Person search,2021-02-10T14:00:00+00:00,,,,,Male,18-24,Mixed/Multiple ethnic groups - White and Black Caribbean,,Misuse of Drugs Act 1971 (section 23),,A no further action disposal,,
Person search,2021-02-10T15:12:00+00:00,,,51.579214,-2.990649,Male,18-24,Asian/Asian British - Pakistani,,Misuse of Drugs Act 1971 (section 23),,,,
Vehicle search,2021-02-10T16:00:00+00:00,,,51.647866,-3.204122,,,,,Misuse of Drugs Act 1971 (section 23),,A no further action disposal,,
Person search,2021-02-10T16:00:00+00:00,,,51.647866,-3.204122,Male,18-24,White - English/Welsh/Scottish/Northern Irish/British,,Misuse of Drugs Act 1971 (section 23),,A no further action disposal,,
Person search,2021-02-10T17:00:00+00:00,,,51.575604,-2.991220,Male,25-34,Black/African/Caribbean/Black British - African,,Misuse of Drugs Act 1971 (section 23),,A no further action disposal,,
Person search,2021-02-10T17:00:00+00:00,,,51.658219,-3.184258,Male,over 34,White - English/Welsh/Scottish/Northern Irish/British,,Police and Criminal Evidence Act 1984 (section 1),,A no further action disposal,,
Vehicle search,2021-02-10T17:00:00+00:00,,,51.670469,-3.134789,,,,,Misuse of Drugs Act 1971 (section 23),,A no further action disposal,,
Vehicle search,2021-02-10T17:00:00+00:00,,,51.575604,-2.991220,,,,,Misuse of Drugs Act 1971 (section 23),,A no further action disposal,,
Vehicle search,2021-02-10T17:00:00+00:00,,,51.658219,-3.184258,,,,,Police and Criminal Evidence Act 1984 (section 1),,A no further action disposal,,
Person search,2021-02-10T17:00:00+00:00,,,51.587353,-2.984086,Male,18-24,White - English/Welsh/Scottish/Northern Irish/British,,Police and Criminal Evidence Act 1984 (section 1),,A no further action disposal,,
Person search,2021-02-10T17:00:00+00:00,,,51.670469,-3.134789,Male,over 34,White - English/Welsh/Scottish/Northern Irish/British,,Misuse of Drugs Act 1971 (section 23),,A no further action disposal,,
Person search,2021-02-10T17:43:00+00:00,,,51.578656,-2.989613,Male,18-24,Mixed/Multiple ethnic groups - White and Black Caribbean,,Misuse of Drugs Act 1971 (section 23),,A no further action disposal,,
Person search,2021-02-10T17:43:00+00:00,,,51.578656,-2.989613,Male,18-24,Asian/Asian British - Bangladeshi,,Misuse of Drugs Act 1971 (section 23),,A no further action disposal,,
Person search,2021-02-10T17:43:00+00:00,,,51.578656,-2.989613,Male,10-17,,,Misuse of Drugs Act 1971 (section 23),,A no further action disposal,,
Person search,2021-02-10T23:00:00+00:00,,,51.580581,-2.991718,Male,25-34,White - English/Welsh/Scottish/Northern Irish/British,,Misuse of Drugs Act 1971 (section 23),,,,
Person search,2021-02-11T00:00:00+00:00,,,51.646265,-3.004381,Male,18-24,,,Police and Criminal Evidence Act 1984 (section 1),,,,
Person search,2021-02-11T00:29:00+00:00,,,51.579950,-2.992917,Female,over 34,Mixed/Multiple ethnic groups - Any other Mixed/Multiple ethnic background,,Misuse of Drugs Act 1971 (section 23),,A no further action disposal,,
Person search,2021-02-11T00:51:00+00:00,,,,,Male,over 34,,,,,,,
Person search,2021-02-11T00:51:00+00:00,,,51.579950,-2.992917,Male,over 34,,,Police and Criminal Evidence Act 1984 (section 1),Offensive weapons,A no further action disposal,,
Person search,2021-02-11T03:00:00+00:00,,,51.689019,-3.006586,Male,18-24,White - English/Welsh/Scottish/Northern Irish/British,,Police and Criminal Evidence Act 1984 (section 1),Article for use in theft,A no further action disposal,,
Person search,2021-02-11T13:00:00+00:00,,,51.580123,-2.991607,Male,18-24,Asian/Asian British - Pakistani,,Misuse of Drugs Act 1971 (section 23),,A no further action disposal,,
Person search,2021-02-11T14:00:00+00:00,,,51.577902,-2.988485,Male,18-24,Black/African/Caribbean/Black British - Caribbean,,Misuse of Drugs Act 1971 (section 23),,A no further action disposal,,
Person search,2021-02-11T15:00:00+00:00,,,51.668947,-3.142458,Male,10-17,,,Police and Criminal Evidence Act 1984 (section 1),,A no further action disposal,,
Person search,2021-02-11T15:00:00+00:00,,,51.580353,-2.985681,Male,18-24,Other ethnic group - Not stated,,Police and Criminal Evidence Act 1984 (section 1),Offensive weapons,,,
Vehicle search,2021-02-11T16:00:00+00:00,,,51.699510,-3.037727,,,,,Misuse of Drugs Act 1971 (section 23),,,,
Person search,2021-02-11T16:00:00+00:00,,,51.699510,-3.037727,Male,over 34,White - English/Welsh/Scottish/Northern Irish/British,,Misuse of Drugs Act 1971 (section 23),,,,
Person search,2021-02-11T17:00:00+00:00,,,,,Male,10-17,White - English/Welsh/Scottish/Northern Irish/British,,Misuse of Drugs Act 1971 (section 23),,,,
Person search,2021-02-11T20:50:00+00:00,,,51.580123,-2.991607,Male,10-17,White - English/Welsh/Scottish/Northern Irish/British,,Misuse of Drugs Act 1971 (section 23),,A no further action disposal,,
Person search,2021-02-11T21:00:00+00:00,,,51.715040,-2.919996,,,,,Police and Criminal Evidence Act 1984 (section 1),Article for use in theft,A no further action disposal,,
Vehicle search,2021-02-11T21:00:00+00:00,,,51.715040,-2.919996,,,,,Police and Criminal Evidence Act 1984 (section 1),Article for use in theft,A no further action disposal,,
Person search,2021-02-11T21:00:00+00:00,,,51.715040,-2.919996,,,,,Police and Criminal Evidence Act 1984 (section 1),Stolen goods,A no further action disposal,,
Vehicle search,2021-02-11T21:00:00+00:00,,,51.715040,-2.919996,,,,,Police and Criminal Evidence Act 1984 (section 1),Stolen goods,A no further action disposal,,
Person search,2021-02-11T22:00:00+00:00,,,51.663115,-3.146678,Male,10-17,White - English/Welsh/Scottish/Northern Irish/British,,Police and Criminal Evidence Act 1984 (section 1),,,,
Person search,2021-02-11T22:00:00+00:00,,,51.659356,-3.193627,Male,18-24,White - Any other White background,,Misuse of Drugs Act 1971 (section 23),,A no further action disposal,,
Person search,2021-02-12T02:00:00+00:00,,,51.591136,-2.982204,Male,over 34,Asian/Asian British - Pakistani,,Police and Criminal Evidence Act 1984 (section 1),,A no further action disposal,,
Person search,2021-02-12T02:48:00+00:00,,,51.579312,-3.003496,Male,18-24,White - English/Welsh/Scottish/Northern Irish/British,,Misuse of Drugs Act 1971 (section 23),,A no further action disposal,,
Vehicle search,2021-02-12T02:48:00+00:00,,,51.579312,-3.003496,,,,,Misuse of Drugs Act 1971 (section 23),,A no further action disposal,,
Person search,2021-02-12T09:00:00+00:00,,,,,Male,over 34,White - English/Welsh/Scottish/Northern Irish/British,,Police and Criminal Evidence Act 1984 (section 1),,A no further action disposal,,
Person search,2021-02-12T09:00:00+00:00,,,51.653008,-3.192737,Male,18-24,White - English/Welsh/Scottish/Northern Irish/British,,Misuse of Drugs Act 1971 (section 23),,Penalty Notice for Disorder,,
Person search,2021-02-12T09:00:00+00:00,,,,,Male,over 34,White - English/Welsh/Scottish/Northern Irish/British,,Police and Criminal Evidence Act 1984 (section 1),Stolen goods,A no further action disposal,,
Person search,2021-02-12T11:00:00+00:00,,,51.580123,-2.991607,Male,25-34,,,Misuse of Drugs Act 1971 (section 23),,A no further action disposal,,
Vehicle search,2021-02-12T19:00:00+00:00,,,,,,,,,Misuse of Drugs Act 1971 (section 23),,A no further action disposal,,
Person search,2021-02-12T19:00:00+00:00,,,,,Male,25-34,Other ethnic group - Any other ethnic group,,Misuse of Drugs Act 1971 (section 23),,A no further action disposal,,
Person search,2021-02-12T21:00:00+00:00,,,51.659356,-3.193627,Female,18-24,White - English/Welsh/Scottish/Northern Irish/British,,Misuse of Drugs Act 1971 (section 23),,,,
Person search,2021-02-12T21:00:00+00:00,,,51.659356,-3.193627,Male,18-24,White - English/Welsh/Scottish/Northern Irish/British,,Misuse of Drugs Act 1971 (section 23),,,,
Vehicle search,2021-02-12T21:00:00+00:00,,,51.659356,-3.193627,,,,,Misuse of Drugs Act 1971 (section 23),,A no further action disposal,,
Person search,2021-02-12T22:00:00+00:00,,,51.640992,-3.224548,Male,18-24,White - Irish,,Police and Criminal Evidence Act 1984 (section 1),,A no further action disposal,,
Person search,2021-02-12T22:00:00+00:00,,,51.640992,-3.224548,Male,18-24,White - Irish,,Police and Criminal Evidence Act 1984 (section 1),Article for use in theft,A no further action disposal,,
Person search,2021-02-13T03:14:00+00:00,,,51.574179,-2.946023,Male,18-24,White - English/Welsh/Scottish/Northern Irish/British,,Misuse of Drugs Act 1971 (section 23),,A no further action disposal,,
Vehicle search,2021-02-13T03:23:00+00:00,,,51.577643,-2.949025,,,,,Misuse of Drugs Act 1971 (section 23),,A no further action disposal,,
Person search,2021-02-13T03:23:00+00:00,,,51.577643,-2.949025,Male,18-24,White - English/Welsh/Scottish/Northern Irish/British,,Misuse of Drugs Act 1971 (section 23),,A no further action disposal,,
Person search,2021-02-13T03:23:00+00:00,,,51.577643,-2.949025,Male,10-17,White - English/Welsh/Scottish/Northern Irish/British,,Misuse of Drugs Act 1971 (section 23),,A no further action disposal,,
Person search,2021-02-13T10:00:00+00:00,,,51.767951,-3.247864,Male,25-34,White - English/Welsh/Scottish/Northern Irish/British,,Misuse of Drugs Act 1971 (section 23),,,,
Person search,2021-02-13T11:00:00+00:00,,,51.767951,-3.247864,,,,,Misuse of Drugs Act 1971 (section 23),,A no further action disposal,,
Person search,2021-02-13T11:00:00+00:00,,,51.767951,-3.247864,Male,25-34,White - English/Welsh/Scottish/Northern Irish/British,,Misuse of Drugs Act 1971 (section 23),,A no further action disposal,,
Person search,2021-02-13T11:00:00+00:00,,,51.578656,-2.989613,Male,over 34,White - English/Welsh/Scottish/Northern Irish/British,,Misuse of Drugs Act 1971 (section 23),,A no further action disposal,,
Person search,2021-02-13T11:00:00+00:00,,,51.578656,-2.989613,Male,over 34,Asian/Asian British - Any other Asian background,,Misuse of Drugs Act 1971 (section 23),,A no further action disposal,,
Vehicle search,2021-02-13T11:00:00+00:00,,,51.767951,-3.247864,,,,,Misuse of Drugs Act 1971 (section 23),,A no further action disposal,,
Person search,2021-02-13T11:13:00+00:00,,,51.580123,-2.991607,Male,over 34,White - English/Welsh/Scottish/Northern Irish/British,,Misuse of Drugs Act 1971 (section 23),,A no further action disposal,,
Person search,2021-02-13T12:00:00+00:00,,,51.578656,-2.989613,Male,18-24,White - English/Welsh/Scottish/Northern Irish/British,,Misuse of Drugs Act 1971 (section 23),,A no further action disposal,,
Person search,2021-02-13T12:00:00+00:00,,,51.578656,-2.989613,Male,18-24,Black/African/Caribbean/Black British - African,,Misuse of Drugs Act 1971 (section 23),,A no further action disposal,,
Vehicle search,2021-02-13T15:00:00+00:00,,,51.591136,-2.982204,,,,,Misuse of Drugs Act 1971 (section 23),,A no further action disposal,,
Person search,2021-02-13T15:00:00+00:00,,,51.591136,-2.982204,Male,18-24,White - English/Welsh/Scottish/Northern Irish/British,,Misuse of Drugs Act 1971 (section 23),,A no further action disposal,,
Person search,2021-02-13T21:00:00+00:00,,,51.572866,-3.210190,Male,10-17,White - English/Welsh/Scottish/Northern Irish/British,,Police and Criminal Evidence Act 1984 (section 1),Stolen goods,,,
Person search,2021-02-13T21:00:00+00:00,,,51.572866,-3.210190,Male,10-17,White - English/Welsh/Scottish/Northern Irish/British,,Police and Criminal Evidence Act 1984 (section 1),Stolen goods,,,
Person search,2021-02-13T21:00:00+00:00,,,51.572866,-3.210190,Male,10-17,White - English/Welsh/Scottish/Northern Irish/British,,Police and Criminal Evidence Act 1984 (section 1),Stolen goods,A no further action disposal,,
Person search,2021-02-13T21:00:00+00:00,,,51.634523,-3.237725,Male,over 34,White - English/Welsh/Scottish/Northern Irish/British,,Misuse of Drugs Act 1971 (section 23),,,,
Person search,2021-02-13T21:00:00+00:00,,,51.480426,-3.249979,Male,18-24,White - English/Welsh/Scottish/Northern Irish/British,,Police and Criminal Evidence Act 1984 (section 1),,A no further action disposal,,
Person search,2021-02-13T22:00:00+00:00,,,51.594838,-3.178782,Male,18-24,White - English/Welsh/Scottish/Northern Irish/British,,Misuse of Drugs Act 1971 (section 23),,A no further action disposal,,
Person search,2021-02-13T22:00:00+00:00,,,,,Male,18-24,White - English/Welsh/Scottish/Northern Irish/British,,Police and Criminal Evidence Act 1984 (section 1),,A no further action disposal,,
Person search,2021-02-13T22:00:00+00:00,,,51.596555,-3.165328,Male,25-34,White - English/Welsh/Scottish/Northern Irish/British,,Misuse of Drugs Act 1971 (section 23),,A no further action disposal,,
Person search,2021-02-13T23:00:00+00:00,,,51.822176,-3.017648,Male,18-24,White - English/Welsh/Scottish/Northern Irish/British,,Police and Criminal Evidence Act 1984 (section 1),Article for use in theft,A no further action disposal,,
Person search,2021-02-13T23:00:00+00:00,,,51.822176,-3.017648,Male,18-24,White - English/Welsh/Scottish/Northern Irish/British,,Police and Criminal Evidence Act 1984 (section 1),,A no further action disposal,,
Person search,2021-02-14T00:00:00+00:00,,,51.576069,-2.987233,Male,18-24,,,Police and Criminal Evidence Act 1984 (section 1),,A no further action disposal,,
Person search,2021-02-14T00:00:00+00:00,,,51.575551,-2.987886,Female,25-34,White - English/Welsh/Scottish/Northern Irish/British,,Misuse of Drugs Act 1971 (section 23),,A no further action disposal,,
Person search,2021-02-14T00:00:00+00:00,,,51.575551,-2.987886,Female,25-34,White - English/Welsh/Scottish/Northern Irish/British,,Misuse of Drugs Act 1971 (section 23),Offensive weapons,A no further action disposal,,
Person search,2021-02-14T00:00:00+00:00,,,51.568320,-3.215033,Male,25-34,White - Any other White background,,Misuse of Drugs Act 1971 (section 23),,,,
Person search,2021-02-14T00:00:00+00:00,,,51.568320,-3.215033,Male,25-34,Other ethnic group - Not stated,,Misuse of Drugs Act 1971 (section 23),,,,
Vehicle search,2021-02-14T00:00:00+00:00,,,51.568320,-3.215033,,,,,Misuse of Drugs Act 1971 (section 23),,,,
Person search,2021-02-14T00:00:00+00:00,,,51.568320,-3.215033,Male,25-34,White - Any other White background,,Misuse of Drugs Act 1971 (section 23),,,,
Person search,2021-02-14T00:27:00+00:00,,,51.581074,-2.990849,Female,18-24,White - English/Welsh/Scottish/Northern Irish/British,,Misuse of Drugs Act 1971 (section 23),,A no further action disposal,,
Person search,2021-02-14T01:00:00+00:00,,,51.568320,-3.215033,Female,25-34,White - Any other White background,,Misuse of Drugs Act 1971 (section 23),,A no further action disposal,,
Person search,2021-02-14T05:00:00+00:00,,,51.685240,-3.229690,Male,over 34,White - English/Welsh/Scottish/Northern Irish/British,,Misuse of Drugs Act 1971 (section 23),,A no further action disposal,,
Vehicle search,2021-02-14T12:00:00+00:00,,,51.580590,-2.942563,,,,,Misuse of Drugs Act 1971 (section 23),,A no further action disposal,,
Person search,2021-02-14T12:27:00+00:00,,,51.580590,-2.942563,Male,18-24,White - English/Welsh/Scottish/Northern Irish/British,,Misuse of Drugs Act 1971 (section 23),,A no further action disposal,,
Person search,2021-02-14T13:09:00+00:00,,,51.580581,-2.991718,Male,25-34,Mixed/Multiple ethnic groups - Any other Mixed/Multiple ethnic background,,Misuse of Drugs Act 1971 (section 23),,A no further action disposal,,
Person search,2021-02-14T17:00:00+00:00,,,51.579214,-2.990649,Male,25-34,,,Misuse of Drugs Act 1971 (section 23),,A no further action disposal,,
Person search,2021-02-14T17:00:00+00:00,,,51.579214,-2.990649,Male,25-34,,,Misuse of Drugs Act 1971 (section 23),,A no further action disposal,,
Person search,2021-02-14T17:00:00+00:00,,,51.579214,-2.990649,Male,,Other ethnic group - Not stated,,Misuse of Drugs Act 1971 (section 23),,A no further action disposal,,
Person search,2021-02-14T17:00:00+00:00,,,51.579214,-2.990649,Male,18-24,,,Misuse of Drugs Act 1971 (section 23),,A no further action disposal,,
Vehicle search,2021-02-14T17:00:00+00:00,,,51.579214,-2.990649,,,,,Misuse of Drugs Act 1971 (section 23),,A no further action disposal,,
Person search,2021-02-14T20:00:00+00:00,,,,,Female,25-34,White - English/Welsh/Scottish/Northern Irish/British,,Misuse of Drugs Act 1971 (section 23),,A no further action disposal,,
Person search,2021-02-14T20:00:00+00:00,,,51.753505,-3.273471,Male,over 34,White - English/Welsh/Scottish/Northern Irish/British,,Misuse of Drugs Act 1971 (section 23),,A no further action disposal,,
Vehicle search,2021-02-14T20:00:00+00:00,,,51.753505,-3.273471,,,,,Misuse of Drugs Act 1971 (section 23),,A no further action disposal,,
Person search,2021-02-14T21:00:00+00:00,,,51.578656,-2.989613,Male,,Other ethnic group - Not stated,,Misuse of Drugs Act 1971 (section 23),,A no further action disposal,,
Person search,2021-02-14T22:00:00+00:00,,,51.813245,-3.035478,Male,over 34,White - English/Welsh/Scottish/Northern Irish/British,,Misuse of Drugs Act 1971 (section 23),,A no further action disposal,,
Person search,2021-02-15T01:00:00+00:00,,,51.579214,-2.990649,Female,25-34,White - English/Welsh/Scottish/Northern Irish/British,,Misuse of Drugs Act 1971 (section 23),,A no further action disposal,,
Person search,2021-02-15T01:00:00+00:00,,,51.577902,-2.988485,Female,25-34,,,Misuse of Drugs Act 1971 (section 23),,A no further action disposal,,
Person search,2021-02-15T02:00:00+00:00,,,51.578656,-2.989613,Female,25-34,White - English/Welsh/Scottish/Northern Irish/British,,Police and Criminal Evidence Act 1984 (section 1),,A no further action disposal,,
Person search,2021-02-15T13:00:00+00:00,,,51.637511,-3.236664,Male,over 34,White - English/Welsh/Scottish/Northern Irish/British,,Police and Criminal Evidence Act 1984 (section 1),,A no further action disposal,,
Person search,2021-02-15T15:00:00+00:00,,,51.682872,-3.122225,Male,18-24,White - English/Welsh/Scottish/Northern Irish/British,,Misuse of Drugs Act 1971 (section 23),,,,
Person search,2021-02-15T15:00:00+00:00,,,51.682872,-3.122225,Male,over 34,White - English/Welsh/Scottish/Northern Irish/British,,Misuse of Drugs Act 1971 (section 23),,,,
Person search,2021-02-15T15:00:00+00:00,,,51.682872,-3.122225,Male,18-24,White - English/Welsh/Scottish/Northern Irish/British,,Misuse of Drugs Act 1971 (section 23),,A no further action disposal,,
Vehicle search,2021-02-15T15:00:00+00:00,,,51.682872,-3.122225,,,,,Misuse of Drugs Act 1971 (section 23),,A no further action disposal,,
Person search,2021-02-15T17:00:00+00:00,,,51.595445,-2.997976,Male,18-24,White - English/Welsh/Scottish/Northern Irish/British,,Misuse of Drugs Act 1971 (section 23),,A no further action disposal,,
Vehicle search,2021-02-15T17:00:00+00:00,,,51.595445,-2.997976,,,,,Misuse of Drugs Act 1971 (section 23),,A no further action disposal,,
Person search,2021-02-15T18:00:00+00:00,,,51.579214,-2.990649,Male,over 34,White - English/Welsh/Scottish/Northern Irish/British,,Misuse of Drugs Act 1971 (section 23),,A no further action disposal,,
Person search,2021-02-15T18:00:00+00:00,,,51.579214,-2.990649,Male,10-17,Asian/Asian British - Indian,,Misuse of Drugs Act 1971 (section 23),,A no further action disposal,,
Person search,2021-02-15T18:00:00+00:00,,,51.579214,-2.990649,Male,over 34,White - English/Welsh/Scottish/Northern Irish/British,,Misuse of Drugs Act 1971 (section 23),,A no further action disposal,,
Person search,2021-02-15T19:22:00+00:00,,,,,Male,25-34,Black/African/Caribbean/Black British - African,,Misuse of Drugs Act 1971 (section 23),,A no further action disposal,,
Person search,2021-02-15T20:00:00+00:00,,,51.603916,-2.979737,Male,25-34,Asian/Asian British - Pakistani,,Misuse of Drugs Act 1971 (section 23),,A no further action disposal,,
Person search,2021-02-15T21:00:00+00:00,,,,,Female,10-17,White - English/Welsh/Scottish/Northern Irish/British,,Misuse of Drugs Act 1971 (section 23),,A no further action disposal,,
Person search,2021-02-15T21:00:00+00:00,,,51.575604,-2.991220,Female,10-17,White - English/Welsh/Scottish/Northern Irish/British,,Misuse of Drugs Act 1971 (section 23),,A no further action disposal,,
Person search,2021-02-15T21:00:00+00:00,,,51.575604,-2.991220,Female,10-17,White - English/Welsh/Scottish/Northern Irish/British,,Misuse of Drugs Act 1971 (section 23),,A no further action disposal,,
Person search,2021-02-16T01:00:00+00:00,,,51.595414,-3.169731,Male,18-24,White - English/Welsh/Scottish/Northern Irish/British,,Misuse of Drugs Act 1971 (section 23),,A no further action disposal,,
Person search,2021-02-16T02:00:00+00:00,,,51.591136,-2.982204,Male,18-24,White - English/Welsh/Scottish/Northern Irish/British,,Misuse of Drugs Act 1971 (section 23),Stolen goods,,,
Person search,2021-02-16T02:00:00+00:00,,,51.591136,-2.982204,Male,18-24,White - English/Welsh/Scottish/Northern Irish/British,,Misuse of Drugs Act 1971 (section 23),,,,
Person search,2021-02-16T11:00:00+00:00,,,51.575551,-2.987886,Male,10-17,Mixed/Multiple ethnic groups - Any other Mixed/Multiple ethnic background,,Police and Criminal Evidence Act 1984 (section 1),Offensive weapons,A no further action disposal,,
Person search,2021-02-16T13:00:00+00:00,,,,,Male,10-17,Other ethnic group - Any other ethnic group,,Police and Criminal Evidence Act 1984 (section 1),Stolen goods,A no further action disposal,,
Person search,2021-02-16T14:00:00+00:00,,,51.663802,-3.223023,Male,over 34,White - English/Welsh/Scottish/Northern Irish/British,,Police and Criminal Evidence Act 1984 (section 1),Stolen goods,A no further action disposal,,
Person search,2021-02-16T18:00:00+00:00,,,51.578321,-2.992073,Male,10-17,Other ethnic group - Not stated,,Misuse of Drugs Act 1971 (section 23),,A no further action disposal,,
Person search,2021-02-16T19:00:00+00:00,,,51.811424,-3.011168,Male,25-34,Asian/Asian British - Pakistani,,Misuse of Drugs Act 1971 (section 23),,,,
Person search,2021-02-16T19:00:00+00:00,,,51.811424,-3.011168,Male,25-34,Asian/Asian British - Pakistani,,Misuse of Drugs Act 1971 (section 23),,A no further action disposal,,
Person search,2021-02-16T19:00:00+00:00,,,51.811424,-3.011168,,,,,Misuse of Drugs Act 1971 (section 23),,A no further action disposal,,
Vehicle search,2021-02-16T19:00:00+00:00,,,51.811424,-3.011168,,,,,Misuse of Drugs Act 1971 (section 23),,A no further action disposal,,
Person search,2021-02-16T19:00:00+00:00,,,51.811424,-3.011168,Male,25-34,Black/African/Caribbean/Black British - Any other Black/African/Caribbean background,,Misuse of Drugs Act 1971 (section 23),,,,
Person search,2021-02-16T19:24:00+00:00,,,51.577069,-2.989145,Male,10-17,Asian/Asian British - Any other Asian background,,Misuse of Drugs Act 1971 (section 23),,A no further action disposal,,
Person search,2021-02-16T19:59:00+00:00,,,51.598538,-2.963595,Male,10-17,White - English/Welsh/Scottish/Northern Irish/British,,Misuse of Drugs Act 1971 (section 23),,A no further action disposal,,
Person search,2021-02-16T20:00:00+00:00,,,51.824862,-3.012703,Female,25-34,White - English/Welsh/Scottish/Northern Irish/British,,Misuse of Drugs Act 1971 (section 23),,,,
Vehicle search,2021-02-16T20:00:00+00:00,,,51.814710,-3.035468,,,,,Misuse of Drugs Act 1971 (section 23),,,,
Vehicle search,2021-02-16T20:00:00+00:00,,,51.824862,-3.012703,,,,,Misuse of Drugs Act 1971 (section 23),,,,
Person search,2021-02-16T20:00:00+00:00,,,51.814710,-3.035468,Male,25-34,White - English/Welsh/Scottish/Northern Irish/British,,Misuse of Drugs Act 1971 (section 23),,A no further action disposal,,
Person search,2021-02-16T20:00:00+00:00,,,51.575250,-2.995802,Male,18-24,Asian/Asian British - Bangladeshi,,Misuse of Drugs Act 1971 (section 23),,,,
Vehicle search,2021-02-16T20:00:00+00:00,,,51.575250,-2.995802,,,,,Misuse of Drugs Act 1971 (section 23),,,,
Person search,2021-02-16T23:00:00+00:00,,,51.575250,-2.995802,Male,18-24,Other ethnic group - Not stated,,Misuse of Drugs Act 1971 (section 23),,A no further action disposal,,
Person search,2021-02-17T02:00:00+00:00,,,51.575551,-2.987886,Male,over 34,White - English/Welsh/Scottish/Northern Irish/British,,Misuse of Drugs Act 1971 (section 23),,A no further action disposal,,
Person search,2021-02-17T10:24:00+00:00,,,51.603585,-3.010283,Male,10-17,White - English/Welsh/Scottish/Northern Irish/British,,Police and Criminal Evidence Act 1984 (section 1),Stolen goods,A no further action disposal,,
Person search,2021-02-17T10:24:00+00:00,,,51.603585,-3.010283,Male,10-17,White - English/Welsh/Scottish/Northern Irish/British,,Police and Criminal Evidence Act 1984 (section 1),,A no further action disposal,,
Vehicle search,2021-02-17T12:00:00+00:00,,,51.651568,-3.021266,,,,,Misuse of Drugs Act 1971 (section 23),,A no further action disposal,,
Person search,2021-02-17T12:00:00+00:00,,,51.651568,-3.021266,Female,25-34,White - English/Welsh/Scottish/Northern Irish/British,,Misuse of Drugs Act 1971 (section 23),,,,
Person search,2021-02-17T18:01:00+00:00,,,51.578656,-2.989613,Male,over 34,White - English/Welsh/Scottish/Northern Irish/British,,Police and Criminal Evidence Act 1984 (section 1),Offensive weapons,A no further action disposal,,
Person search,2021-02-17T18:01:00+00:00,,,51.578656,-2.989613,Male,over 34,White - English/Welsh/Scottish/Northern Irish/British,,Police and Criminal Evidence Act 1984 (section 1),,A no further action disposal,,
Person search,2021-02-18T01:00:00+00:00,,,51.581765,-2.993072,Male,10-17,Mixed/Multiple ethnic groups - White and Black Caribbean,,Misuse of Drugs Act 1971 (section 23),,A no further action disposal,,
Person search,2021-02-18T17:00:00+00:00,,,51.704699,-3.042708,Male,10-17,White - English/Welsh/Scottish/Northern Irish/British,,Police and Criminal Evidence Act 1984 (section 1),Firearms,A no further action disposal,,
Person search,2021-02-18T17:00:00+00:00,,,51.704699,-3.042708,Male,10-17,Mixed/Multiple ethnic groups - Any other Mixed/Multiple ethnic background,,Police and Criminal Evidence Act 1984 (section 1),Firearms,A no further action disposal,,
Person search,2021-02-18T17:00:00+00:00,,,51.704699,-3.042708,Male,10-17,White - English/Welsh/Scottish/Northern Irish/British,,Police and Criminal Evidence Act 1984 (section 1),Offensive weapons,A no further action disposal,,
Person search,2021-02-18T17:00:00+00:00,,,51.704699,-3.042708,Male,10-17,Mixed/Multiple ethnic groups - Any other Mixed/Multiple ethnic background,,Police and Criminal Evidence Act 1984 (section 1),,A no further action disposal,,
Person search,2021-02-18T19:00:00+00:00,,,,,Male,18-24,White - English/Welsh/Scottish/Northern Irish/British,,Misuse of Drugs Act 1971 (section 23),,A no further action disposal,,
Person search,2021-02-18T21:00:00+00:00,,,,,Male,10-17,Black/African/Caribbean/Black British - Any other Black/African/Caribbean background,,Police and Criminal Evidence Act 1984 (section 1),,A no further action disposal,,
Person search,2021-02-18T22:00:00+00:00,,,51.591136,-2.982204,Female,10-17,White - English/Welsh/Scottish/Northern Irish/British,,Police and Criminal Evidence Act 1984 (section 1),,A no further action disposal,,
Person search,2021-02-18T22:00:00+00:00,,,51.591136,-2.982204,Female,10-17,White - English/Welsh/Scottish/Northern Irish/British,,Police and Criminal Evidence Act 1984 (section 1),,A no further action disposal,,
Person search,2021-02-19T00:00:00+00:00,,,51.581765,-2.993072,Male,25-34,White - Any other White background,,Police and Criminal Evidence Act 1984 (section 1),,A no further action disposal,,
Person search,2021-02-19T00:00:00+00:00,,,51.581765,-2.993072,Male,25-34,White - Any other White background,,Police and Criminal Evidence Act 1984 (section 1),Stolen goods,A no further action disposal,,
Person search,2021-02-19T00:00:00+00:00,,,51.581765,-2.993072,Male,25-34,Asian/Asian British - Chinese,,Police and Criminal Evidence Act 1984 (section 1),Stolen goods,A no further action disposal,,
Person search,2021-02-19T00:00:00+00:00,,,51.581765,-2.993072,Male,25-34,Asian/Asian British - Chinese,,Police and Criminal Evidence Act 1984 (section 1),,A no further action disposal,,
Person search,2021-02-19T05:00:00+00:00,,,51.591136,-2.982204,Male,over 34,White - English/Welsh/Scottish/Northern Irish/British,,Police and Criminal Evidence Act 1984 (section 1),,A no further action disposal,,
Person search,2021-02-19T08:00:00+00:00,,,51.659356,-3.193627,Male,18-24,White - English/Welsh/Scottish/Northern Irish/British,,Misuse of Drugs Act 1971 (section 23),,A no further action disposal,,
Person search,2021-02-19T08:00:00+00:00,,,51.659356,-3.193627,Male,18-24,White - English/Welsh/Scottish/Northern Irish/British,,Misuse of Drugs Act 1971 (section 23),,A no further action disposal,,
Person search,2021-02-19T08:00:00+00:00,,,51.659356,-3.193627,Male,18-24,White - English/Welsh/Scottish/Northern Irish/British,,Misuse of Drugs Act 1971 (section 23),,A no further action disposal,,
Person search,2021-02-19T08:00:00+00:00,,,51.659356,-3.193627,Female,18-24,White - English/Welsh/Scottish/Northern Irish/British,,Misuse of Drugs Act 1971 (section 23),,A no further action disposal,,
Person search,2021-02-19T11:00:00+00:00,,,51.591136,-2.982204,Female,10-17,White - English/Welsh/Scottish/Northern Irish/British,,Misuse of Drugs Act 1971 (section 23),,A no further action disposal,,
Person search,2021-02-19T15:04:00+00:00,,,,,Male,over 34,White - English/Welsh/Scottish/Northern Irish/British,,Misuse of Drugs Act 1971 (section 23),,A no further action disposal,,
Vehicle search,2021-02-19T17:00:00+00:00,,,51.759630,-3.285728,,,,,Misuse of Drugs Act 1971 (section 23),,,,
Person search,2021-02-19T17:00:00+00:00,,,51.759630,-3.285728,Male,over 34,White - English/Welsh/Scottish/Northern Irish/British,,Misuse of Drugs Act 1971 (section 23),,A no further action disposal,,
Person search,2021-02-19T17:00:00+00:00,,,51.759630,-3.285728,Male,over 34,White - English/Welsh/Scottish/Northern Irish/British,,Misuse of Drugs Act 1971 (section 23),,A no further action disposal,,
Person search,2021-02-19T22:00:00+00:00,,,51.510494,-3.161776,Male,10-17,White - English/Welsh/Scottish/Northern Irish/British,,Police and Criminal Evidence Act 1984 (section 1),,,,
Person search,2021-02-19T23:00:00+00:00,,,51.591136,-2.982204,Female,18-24,White - English/Welsh/Scottish/Northern Irish/British,,Misuse of Drugs Act 1971 (section 23),,A no further action disposal,,
Person search,2021-02-20T00:32:00+00:00,,,51.580353,-2.985681,Male,over 34,White - English/Welsh/Scottish/Northern Irish/British,,Misuse of Drugs Act 1971 (section 23),,A no further action disposal,,
Person search,2021-02-20T01:00:00+00:00,,,51.629472,-2.680704,Male,25-34,White - English/Welsh/Scottish/Northern Irish/British,,Misuse of Drugs Act 1971 (section 23),,A no further action disposal,,
Person search,2021-02-20T03:00:00+00:00,,,,,Male,over 34,White - English/Welsh/Scottish/Northern Irish/British,,Police and Criminal Evidence Act 1984 (section 1),,A no further action disposal,,
Person search,2021-02-20T03:14:00+00:00,,,51.608811,-3.018342,Male,18-24,White - English/Welsh/Scottish/Northern Irish/British,,Misuse of Drugs Act 1971 (section 23),,A no further action disposal,,
Vehicle search,2021-02-20T05:00:00+00:00,,,51.557032,-3.021079,,,,,Police and Criminal Evidence Act 1984 (section 1),Stolen goods,A no further action disposal,,
Person search,2021-02-20T05:00:00+00:00,,,,,Male,18-24,White - English/Welsh/Scottish/Northern Irish/British,,Misuse of Drugs Act 1971 (section 23),,A no further action disposal,,
Person search,2021-02-20T05:35:00+00:00,,,51.557032,-3.021079,Female,over 34,White - English/Welsh/Scottish/Northern Irish/British,,Police and Criminal Evidence Act 1984 (section 1),Stolen goods,A no further action disposal,,
Person search,2021-02-20T06:00:00+00:00,,,51.751792,-3.275596,Male,18-24,White - English/Welsh/Scottish/Northern Irish/British,,Police and Criminal Evidence Act 1984 (section 1),,A no further action disposal,,
Person search,2021-02-20T19:00:00+00:00,,,51.591276,-2.990190,Male,over 34,Mixed/Multiple ethnic groups - White and Black African,,Misuse of Drugs Act 1971 (section 23),,A no further action disposal,,
Person search,2021-02-20T20:00:00+00:00,,,51.649974,-3.036898,Male,over 34,White - English/Welsh/Scottish/Northern Irish/British,,Misuse of Drugs Act 1971 (section 23),,,,
Person search,2021-02-20T21:00:00+00:00,,,51.647922,-3.030058,Male,10-17,White - English/Welsh/Scottish/Northern Irish/British,,Misuse of Drugs Act 1971 (section 23),,A no further action disposal,,
Vehicle search,2021-02-20T21:00:00+00:00,,,51.647922,-3.030058,,,,,Misuse of Drugs Act 1971 (section 23),,A no further action disposal,,
Vehicle search,2021-02-21T00:00:00+00:00,,,51.651568,-3.021266,,,,,Misuse of Drugs Act 1971 (section 23),,A no further action disposal,,
Person search,2021-02-21T00:00:00+00:00,,,51.651568,-3.021266,Male,10-17,White - English/Welsh/Scottish/Northern Irish/British,,Misuse of Drugs Act 1971 (section 23),,,,
Person search,2021-02-21T04:00:00+00:00,,,,,Female,18-24,White - English/Welsh/Scottish/Northern Irish/British,,Misuse of Drugs Act 1971 (section 23),,,,
Person search,2021-02-21T04:00:00+00:00,,,51.665714,-3.047524,Male,18-24,White - English/Welsh/Scottish/Northern Irish/British,,Misuse of Drugs Act 1971 (section 23),,A no further action disposal,,
Vehicle search,2021-02-21T04:00:00+00:00,,,51.665714,-3.047524,,,,,Misuse of Drugs Act 1971 (section 23),,A no further action disposal,,
Person search,2021-02-21T05:00:00+00:00,,,51.651568,-3.021266,Male,25-34,White - English/Welsh/Scottish/Northern Irish/British,,Misuse of Drugs Act 1971 (section 23),,A no further action disposal,,
Person search,2021-02-21T05:00:00+00:00,,,51.658509,-3.010941,Male,25-34,White - English/Welsh/Scottish/Northern Irish/British,,Misuse of Drugs Act 1971 (section 23),,A no further action disposal,,
Person search,2021-02-21T05:00:00+00:00,,,51.751792,-3.275596,Male,over 34,White - English/Welsh/Scottish/Northern Irish/British,,Police and Criminal Evidence Act 1984 (section 1),,A no further action disposal,,
Person search,2021-02-21T14:00:00+00:00,,,51.593724,-3.241495,,,,,Police and Criminal Evidence Act 1984 (section 1),Article for use in theft,A no further action disposal,,
Vehicle search,2021-02-21T14:00:00+00:00,,,51.593724,-3.241495,,,,,Police and Criminal Evidence Act 1984 (section 1),Stolen goods,A no further action disposal,,
Person search,2021-02-21T14:00:00+00:00,,,51.593724,-3.241495,,,,,Police and Criminal Evidence Act 1984 (section 1),Stolen goods,A no further action disposal,,
Vehicle search,2021-02-21T14:00:00+00:00,,,51.593724,-3.241495,,,,,Police and Criminal Evidence Act 1984 (section 1),Article for use in theft,A no further action disposal,,
Person search,2021-02-21T17:00:00+00:00,,,51.586312,-2.944485,Male,over 34,White - English/Welsh/Scottish/Northern Irish/British,,Misuse of Drugs Act 1971 (section 23),,A no further action disposal,,
Person search,2021-02-21T17:33:00+00:00,,,51.579214,-2.990649,Male,over 34,White - English/Welsh/Scottish/Northern Irish/British,,Misuse of Drugs Act 1971 (section 23),,A no further action disposal,,
Person search,2021-02-21T18:00:00+00:00,,,51.590622,-2.982381,Male,over 34,Other ethnic group - Not stated,,Misuse of Drugs Act 1971 (section 23),,,,
Vehicle search,2021-02-21T18:00:00+00:00,,,51.590622,-2.982381,,,,,Misuse of Drugs Act 1971 (section 23),,,,
Person search,2021-02-21T19:00:00+00:00,,,51.592820,-2.984117,Male,25-34,White - English/Welsh/Scottish/Northern Irish/British,,Misuse of Drugs Act 1971 (section 23),,,,
Person search,2021-02-21T19:07:00+00:00,,,51.579214,-2.990649,Male,over 34,Other ethnic group - Any other ethnic group,,Misuse of Drugs Act 1971 (section 23),,A no further action disposal,,
Person search,2021-02-21T19:50:00+00:00,,,51.582113,-2.992315,Male,10-17,Asian/Asian British - Pakistani,,Misuse of Drugs Act 1971 (section 23),,A no further action disposal,,
Person search,2021-02-22T16:00:00+00:00,,,51.725819,-3.063898,Male,10-17,White - English/Welsh/Scottish/Northern Irish/British,,Misuse of Drugs Act 1971 (section 23),,,,
Person search,2021-02-22T16:00:00+00:00,,,51.579451,-2.988187,Male,over 34,Other ethnic group - Not stated,,Misuse of Drugs Act 1971 (section 23),,A no further action disposal,,
Person search,2021-02-22T16:00:00+00:00,,,51.578656,-2.989613,Male,25-34,Other ethnic group - Not stated,,Misuse of Drugs Act 1971 (section 23),,A no further action disposal,,
Person search,2021-02-22T19:00:00+00:00,,,51.665586,-3.039655,Female,18-24,,,Misuse of Drugs Act 1971 (section 23),,A no further action disposal,,
Person search,2021-02-22T19:00:00+00:00,,,51.665586,-3.039655,Male,18-24,,,Misuse of Drugs Act 1971 (section 23),,,,
Person search,2021-02-22T19:00:00+00:00,,,51.602704,-2.996604,Male,18-24,White - English/Welsh/Scottish/Northern Irish/British,,Misuse of Drugs Act 1971 (section 23),,,,
Person search,2021-02-23T14:00:00+00:00,,,51.578321,-2.992073,Male,10-17,Other ethnic group - Not stated,,Police and Criminal Evidence Act 1984 (section 1),,A no further action disposal,,
Person search,2021-02-23T14:00:00+00:00,,,51.578321,-2.992073,Male,10-17,Other ethnic group - Not stated,,Police and Criminal Evidence Act 1984 (section 1),Offensive weapons,A no further action disposal,,
Person search,2021-02-23T17:00:00+00:00,,,51.581765,-2.993072,Male,over 34,,,Misuse of Drugs Act 1971 (section 23),,A no further action disposal,,
Person search,2021-02-23T17:00:00+00:00,,,51.659356,-3.193627,Male,over 34,White - English/Welsh/Scottish/Northern Irish/British,,Police and Criminal Evidence Act 1984 (section 1),,A no further action disposal,,
Person search,2021-02-23T22:00:00+00:00,,,51.652662,-3.002860,Male,25-34,White - English/Welsh/Scottish/Northern Irish/British,,Police and Criminal Evidence Act 1984 (section 1),Stolen goods,,,
Person search,2021-02-23T22:00:00+00:00,,,51.652662,-3.002860,Male,25-34,White - English/Welsh/Scottish/Northern Irish/British,,Police and Criminal Evidence Act 1984 (section 1),,,,
Person search,2021-02-23T23:00:00+00:00,,,51.611776,-2.715634,Male,25-34,,,Misuse of Drugs Act 1971 (section 23),,Summons / charged by post,,
Person search,2021-02-24T01:00:00+00:00,,,51.590736,-2.991348,Male,25-34,White - English/Welsh/Scottish/Northern Irish/British,,Police and Criminal Evidence Act 1984 (section 1),Stolen goods,Summons / charged by post,,
Person search,2021-02-24T01:00:00+00:00,,,51.590736,-2.991348,Male,25-34,White - English/Welsh/Scottish/Northern Irish/British,,Police and Criminal Evidence Act 1984 (section 1),,Summons / charged by post,,
Person search,2021-02-24T15:00:00+00:00,,,51.578802,-2.992661,Male,10-17,Asian/Asian British - Pakistani,,Misuse of Drugs Act 1971 (section 23),,A no further action disposal,,
Person search,2021-02-24T17:00:00+00:00,,,51.581765,-2.993072,Male,25-34,Other ethnic group - Not stated,,Misuse of Drugs Act 1971 (section 23),,,,
Person search,2021-02-25T01:22:00+00:00,,,51.601073,-2.925603,Male,over 34,White - English/Welsh/Scottish/Northern Irish/British,,Misuse of Drugs Act 1971 (section 23),,A no further action disposal,,
Vehicle search,2021-02-25T01:22:00+00:00,,,51.601073,-2.925603,,,,,Misuse of Drugs Act 1971 (section 23),,A no further action disposal,,
Person search,2021-02-25T06:00:00+00:00,,,,,Male,25-34,White - English/Welsh/Scottish/Northern Irish/British,,Police and Criminal Evidence Act 1984 (section 1),Stolen goods,,,
Person search,2021-02-25T14:00:00+00:00,,,51.648161,-3.025352,Male,over 34,White - English/Welsh/Scottish/Northern Irish/British,,Police and Criminal Evidence Act 1984 (section 1),Stolen goods,,,
Person search,2021-02-25T14:00:00+00:00,,,51.648161,-3.025352,Male,over 34,White - English/Welsh/Scottish/Northern Irish/British,,Police and Criminal Evidence Act 1984 (section 1),Article for use in theft,,,
Vehicle search,2021-02-25T16:00:00+00:00,,,51.612954,-3.102244,,,,,Misuse of Drugs Act 1971 (section 23),,A no further action disposal,,
Person search,2021-02-25T16:00:00+00:00,,,51.612954,-3.102244,Male,25-34,White - English/Welsh/Scottish/Northern Irish/British,,Misuse of Drugs Act 1971 (section 23),,A no further action disposal,,
Person search,2021-02-25T19:00:00+00:00,,,51.823964,-3.025001,Male,18-24,White - English/Welsh/Scottish/Northern Irish/British,,Police and Criminal Evidence Act 1984 (section 1),Stolen goods,A no further action disposal,,
Person search,2021-02-25T19:00:00+00:00,,,51.823964,-3.025001,Male,18-24,White - English/Welsh/Scottish/Northern Irish/British,,Police and Criminal Evidence Act 1984 (section 1),,A no further action disposal,,
Person search,2021-02-25T21:00:00+00:00,,,51.592471,-3.171850,Male,25-34,,,Police and Criminal Evidence Act 1984 (section 1),,A no further action disposal,,
Person search,2021-02-25T22:00:00+00:00,,,51.666533,-3.304273,Male,18-24,,,Firearms Act 1968 (section 47),,A no further action disposal,,
Person search,2021-02-26T01:00:00+00:00,,,51.580353,-2.985681,Male,over 34,White - English/Welsh/Scottish/Northern Irish/British,,Misuse of Drugs Act 1971 (section 23),,A no further action disposal,,
Person search,2021-02-26T09:00:00+00:00,,,51.575551,-2.987886,Male,over 34,,,Police and Criminal Evidence Act 1984 (section 1),,A no further action disposal,,
Person search,2021-02-26T16:00:00+00:00,,,51.759630,-3.285728,Male,25-34,Other ethnic group - Not stated,,Misuse of Drugs Act 1971 (section 23),,A no further action disposal,,
Person search,2021-02-26T16:00:00+00:00,,,51.759630,-3.285728,Female,25-34,White - English/Welsh/Scottish/Northern Irish/British,,Misuse of Drugs Act 1971 (section 23),,A no further action disposal,,
Vehicle search,2021-02-26T16:00:00+00:00,,,51.576495,-2.945278,,,,,Misuse of Drugs Act 1971 (section 23),,,,
Person search,2021-02-26T16:47:00+00:00,,,51.576495,-2.945278,Male,over 34,White - English/Welsh/Scottish/Northern Irish/British,,Misuse of Drugs Act 1971 (section 23),,A no further action disposal,,
Person search,2021-02-26T18:00:00+00:00,,,51.663354,-3.154390,Male,18-24,White - English/Welsh/Scottish/Northern Irish/British,,Misuse of Drugs Act 1971 (section 23),,A no further action disposal,,
Vehicle search,2021-02-26T18:00:00+00:00,,,51.663354,-3.154390,,,,,Misuse of Drugs Act 1971 (section 23),,A no further action disposal,,
Person search,2021-02-26T20:00:00+00:00,,,51.607159,-3.231088,Male,18-24,White - English/Welsh/Scottish/Northern Irish/British,,Misuse of Drugs Act 1971 (section 23),,A no further action disposal,,
Person search,2021-02-26T20:00:00+00:00,,,51.655876,-3.020105,Male,18-24,White - English/Welsh/Scottish/Northern Irish/British,,Misuse of Drugs Act 1971 (section 23),,,,
Person search,2021-02-26T20:00:00+00:00,,,51.658408,-3.015319,Male,10-17,,,Misuse of Drugs Act 1971 (section 23),,A no further action disposal,,
Vehicle search,2021-02-26T20:00:00+00:00,,,51.655876,-3.020105,,,,,Misuse of Drugs Act 1971 (section 23),,,,
Person search,2021-02-26T20:00:00+00:00,,,51.607159,-3.231088,Male,18-24,White - English/Welsh/Scottish/Northern Irish/British,,Misuse of Drugs Act 1971 (section 23),,A no further action disposal,,
Vehicle search,2021-02-26T21:00:00+00:00,,,51.607159,-3.231088,,,,,Misuse of Drugs Act 1971 (section 23),,A no further action disposal,,
Person search,2021-02-26T21:00:00+00:00,,,51.607159,-3.231088,Male,18-24,White - English/Welsh/Scottish/Northern Irish/British,,Misuse of Drugs Act 1971 (section 23),,A no further action disposal,,
Person search,2021-02-26T21:00:00+00:00,,,51.607159,-3.231088,,,,,Misuse of Drugs Act 1971 (section 23),,A no further action disposal,,
Vehicle search,2021-02-26T21:00:00+00:00,,,51.607159,-3.231088,,,,,Misuse of Drugs Act 1971 (section 23),,A no further action disposal,,
Person search,2021-02-26T21:00:00+00:00,,,51.592507,-3.049245,Female,25-34,White - English/Welsh/Scottish/Northern Irish/British,,Misuse of Drugs Act 1971 (section 23),,,,
Vehicle search,2021-02-26T21:34:00+00:00,,,51.592507,-3.049245,,,,,Misuse of Drugs Act 1971 (section 23),,A no further action disposal,,
Person search,2021-02-26T23:00:00+00:00,,,51.589736,-2.977627,Male,under 10,White - English/Welsh/Scottish/Northern Irish/British,,Police and Criminal Evidence Act 1984 (section 1),Offensive weapons,A no further action disposal,,
Person search,2021-02-27T00:00:00+00:00,,,51.659966,-3.237276,Male,18-24,White - English/Welsh/Scottish/Northern Irish/British,,Police and Criminal Evidence Act 1984 (section 1),Offensive weapons,A no further action disposal,,
Person search,2021-02-27T08:00:00+00:00,,,51.661270,-3.206082,Male,over 34,White - English/Welsh/Scottish/Northern Irish/British,,Police and Criminal Evidence Act 1984 (section 1),,A no further action disposal,,
Person search,2021-02-27T21:33:00+00:00,,,51.592507,-3.049245,Female,25-34,White - English/Welsh/Scottish/Northern Irish/British,,Misuse of Drugs Act 1971 (section 23),,,,
Person search,2021-02-27T23:00:00+00:00,,,51.591713,-3.200514,Female,10-17,White - English/Welsh/Scottish/Northern Irish/British,,Police and Criminal Evidence Act 1984 (section 1),Offensive weapons,,,
Person search,2021-02-28T00:00:00+00:00,,,51.637511,-3.236664,Male,18-24,White - English/Welsh/Scottish/Northern Irish/British,,Misuse of Drugs Act 1971 (section 23),,A no further action disposal,,
Person search,2021-02-28T01:00:00+00:00,,,51.585450,-2.982572,Male,over 34,,,Police and Criminal Evidence Act 1984 (section 1),,,,
Vehicle search,2021-02-28T01:00:00+00:00,,,51.585450,-2.982572,,,,,Police and Criminal Evidence Act 1984 (section 1),,,,
Person search,2021-02-28T01:00:00+00:00,,,51.591276,-2.990190,Male,18-24,White - English/Welsh/Scottish/Northern Irish/British,,Misuse of Drugs Act 1971 (section 23),,A no further action disposal,,
Person search,2021-02-28T01:00:00+00:00,,,51.591276,-2.990190,Male,18-24,,,Misuse of Drugs Act 1971 (section 23),,A no further action disposal,,
Person search,2021-02-28T01:00:00+00:00,,,51.591276,-2.990190,Male,18-24,White - English/Welsh/Scottish/Northern Irish/British,,Misuse of Drugs Act 1971 (section 23),,A no further action disposal,,
Person search,2021-02-28T03:00:00+00:00,,,51.646162,-3.037852,Male,25-34,White - English/Welsh/Scottish/Northern Irish/British,,Police and Criminal Evidence Act 1984 (section 1),,A no further action disposal,,
Person search,2021-02-28T03:00:00+00:00,,,51.646162,-3.037852,Male,25-34,White - English/Welsh/Scottish/Northern Irish/British,,Police and Criminal Evidence Act 1984 (section 1),Article for use in theft,A no further action disposal,,
Person search,2021-02-28T04:00:00+00:00,,,,,Male,25-34,Other ethnic group - Not stated,,Police and Criminal Evidence Act 1984 (section 1),,A no further action disposal,,
Person search,2021-02-28T10:00:00+00:00,,,,,Male,18-24,Mixed/Multiple ethnic groups - Any other Mixed/Multiple ethnic background,,Misuse of Drugs Act 1971 (section 23),,A no further action disposal,,
Person search,2021-02-28T10:00:00+00:00,,,,,Male,18-24,White - English/Welsh/Scottish/Northern Irish/British,,Misuse of Drugs Act 1971 (section 23),,A no further action disposal,,
Person search,2021-02-28T12:02:00+00:00,,,51.592322,-3.179511,Male,18-24,White - English/Welsh/Scottish/Northern Irish/British,,Police and Criminal Evidence Act 1984 (section 1),,A no further action disposal,,
Person search,2021-02-28T13:00:00+00:00,,,51.477572,-3.260355,Male,18-24,White - English/Welsh/Scottish/Northern Irish/British,,Misuse of Drugs Act 1971 (section 23),,A no further action disposal,,
Person search,2021-02-28T14:00:00+00:00,,,51.471182,-3.257587,Male,18-24,White - English/Welsh/Scottish/Northern Irish/British,,Misuse of Drugs Act 1971 (section 23),,A no further action disposal,,
Person search,2021-02-28T16:00:00+00:00,,,51.609857,-2.954895,Male,over 34,Other ethnic group - Not stated,,Police and Criminal Evidence Act 1984 (section 1),Offensive weapons,A no further action disposal,,
